y,x0,x1,x2,x3,x4
-0.57081,1,0.17866,0.11737,-0.31206,-0.42739
-0.55659,1,0.073893,-0.0097053,0.23849,-0.71238
-0.54237,1,-0.19324,0.35819,-0.02984,-0.50518
-0.56727,1,-0.050229,-0.030252,-0.069394,-0.2842
-0.55305,1,-0.15448,-0.23574,-0.1303,0.052306
-0.53883,1,-0.012458,0.060004,-0.17315,-0.30516
-0.56373,1,0.12271,0.15154,-0.031716,-0.64685
-0.56019,1,-0.21057,-0.13885,0.34271,-0.39518
-0.54597,1,-0.34414,-0.67965,-0.5258,0.9892
-0.53175,1,0.086207,-0.17976,-0.10978,-0.25461
-0.51753,1,0.017449,-0.035465,-0.12453,-0.29262
-0.52821,1,0.033905,-0.092515,-0.34404,-0.058439
-0.51399,1,-0.23763,-0.42144,0.07352,0.11981
-0.49977,1,0.095849,-0.31924,-0.055233,-0.19269
-0.48555,1,0.070495,-0.69055,0.0035763,0.094226
-0.47134,1,0.32059,-0.10753,-0.05519,-0.60309
-0.45712,1,0.21433,-0.09217,0.0054471,-0.5619
-0.3718,1,-0.41834,0.21501,-0.046959,-0.12354
-0.49623,1,-0.43989,0.14625,0.0086073,-0.090329
-0.48201,1,0.40629,-0.0060348,0.046066,-0.86581
-0.4678,1,0.10541,0.43466,-0.26548,-0.64626
-0.45358,1,0.09214,0.17297,0.13001,-0.77049
-0.43936,1,-0.44197,0.17849,0.18631,-0.27697
-0.42514,1,-0.21298,0.17887,0.55981,-0.85224
-0.41092,1,0.05995,0.46015,0.10354,-0.9564
-0.3967,1,-0.25009,0.45437,0.24778,-0.76369
-0.38248,1,0.4807,-0.26816,0.39583,-1.0383
-0.36826,1,0.35645,0.17329,-0.048425,-0.88048
-0.43582,1,0.37138,-0.16478,-0.31325,-0.36568
-0.4216,1,-0.37478,-0.061357,0.082166,-0.04509
-0.40738,1,-0.27494,-0.069148,-0.11284,0.036027
-0.39316,1,0.022316,0.081331,0.25954,-0.73548
-0.37894,1,0.24921,-0.26947,-0.021509,-0.41653
-0.36472,1,-0.0027168,-0.14981,0.077597,-0.34875
-0.3505,1,-0.10747,0.21709,-0.059139,-0.4273
-0.33628,1,0.0050365,0.31352,0.14958,-0.81431
-0.32206,1,0.25919,0.24785,0.22547,-1.0891
-0.36118,1,-0.20341,-0.34309,-0.33112,0.39603
-0.34696,1,0.13095,0.014353,-0.0058795,-0.54599
-0.33274,1,-0.10618,0.19202,-0.091399,-0.37475
-0.31852,1,-0.081566,0.25855,0.43607,-0.93572
-0.3043,1,-0.15903,0.12035,-0.13382,-0.22119
-0.29009,1,0.049985,0.60135,-0.056165,-0.91386
-0.35764,1,0.075007,0.16169,-0.21594,-0.41894
-0.28655,1,0.14672,-0.24344,0.43226,-0.73883
-0.31144,1,0.30186,0.061177,-0.29332,-0.49353
-0.29723,1,-0.15586,0.25499,-0.32037,-0.1622
-0.28301,1,0.048509,0.23805,0.014809,-0.66266
-0.3079,1,0.06332,0.10847,-0.12221,-0.44036
-0.29369,1,-0.035959,-0.32495,0.22555,-0.28741
-0.27947,1,-0.22297,0.018863,-0.34687,0.13411
-0.45016,1,0.064614,0.59144,-0.16979,-0.79389
-0.43594,1,-0.10346,0.1433,-0.15571,-0.2545
-0.42172,1,-0.10409,-0.38886,-0.50109,0.51043
-0.4075,1,0.35664,0.039027,0.21928,-0.98024
-0.39328,1,0.11716,-0.084204,0.087241,-0.50964
-0.37906,1,-0.091072,-0.069146,0.12032,-0.33826
-0.36484,1,0.089921,0.16868,0.1353,-0.73933
-0.35062,1,0.30136,0.18179,-0.29021,-0.58123
-0.3364,1,0.38086,-0.14025,0.62578,-1.2228
-0.32218,1,0.12474,0.12686,0.10813,-0.71506
-0.47505,1,0.17342,0.40569,0.091914,-0.98306
-0.46084,1,0.10953,0.29941,0.19556,-0.92157
-0.44662,1,-0.0039942,0.34858,0.1383,-0.79439
-0.31864,1,-0.17544,0.60471,-0.41761,-0.32967
-0.30442,1,0.048868,0.011255,0.33111,-0.73846
-0.29021,1,0.068336,-0.11705,0.21935,-0.54832
-0.49995,1,0.15984,-0.072705,-0.0015968,-0.47585
-0.48573,1,0.27411,0.19157,-0.15633,-0.67646
-0.47151,1,-0.19234,0.31224,-0.055123,-0.39081
-0.28667,1,-0.15241,0.11589,0.28799,-0.57748
-0.27245,1,-0.17456,-0.32736,0.064481,0.023585
-0.25823,1,-0.09282,0.031388,-0.34771,0.010436
-0.51063,1,-0.19624,0.053801,-0.052315,-0.16726
-0.49641,1,-0.064338,-0.3598,0.19098,-0.17394
-0.25469,1,0.010258,-0.12244,0.23497,-0.49154
-0.24047,1,-0.23543,-0.28619,0.38057,-0.23255
-0.50709,1,0.1162,0.019491,0.1611,-0.65018
-0.22271,1,-0.2064,-0.023286,0.45717,-0.55121
-0.35428,1,0.17864,-0.029046,0.054593,-0.56651
-0.34006,1,-0.14836,-0.045058,-0.097845,-0.078104
-0.32584,1,-0.036081,-0.22906,0.043907,-0.16665
-0.42184,1,-0.55291,-0.068705,0.21337,0.07854
-0.3223,1,-0.054302,0.11736,0.081877,-0.4723
-0.30808,1,0.18005,0.014496,-0.14231,-0.42255
-0.4183,1,0.20518,-0.0042176,0.1431,-0.68857
-0.40408,1,0.046036,-0.099575,0.1743,-0.47253
-0.38986,1,-0.097511,-0.20623,0.12238,-0.18743
-0.37564,1,-0.1744,-0.33009,-0.046362,0.14984
-0.30454,1,-0.11716,0.094717,-0.3349,-0.0064007
-0.38632,1,-0.33743,-0.07825,-0.33252,0.36774
-0.3721,1,0.39776,0.087145,-0.28855,-0.56839
-0.35788,1,0.51551,0.12625,-0.11396,-0.88125
-0.34366,1,0.080106,0.31488,-0.013587,-0.68429
-0.301,1,0.25465,0.19677,0.19902,-0.95705
-0.34012,1,-0.22319,0.27481,0.25551,-0.57962
-0.3259,1,-0.23747,0.13326,-0.3155,0.073765
-0.31168,1,0.020743,0.56707,-0.012468,-0.83438
-0.29746,1,0.17789,-0.20825,-0.26641,-0.109
-0.29393,1,0.13038,-0.28501,-0.15348,-0.094439
-0.29039,1,-0.12808,0.12209,-0.27011,-0.063857
-0.4006,1,0.30877,-0.075515,0.35708,-0.91253
-0.38638,1,0.012167,0.040547,0.25953,-0.61705
-0.37216,1,-0.02907,0.039634,0.0030434,-0.34079
-0.35794,1,-0.02343,0.0032419,-0.074337,-0.24547
-0.34372,1,-0.36104,0.11853,0.063153,-0.12074
-0.3295,1,0.10852,-0.066787,0.31837,-0.67878
-0.31528,1,-0.14917,0.20569,-0.14132,-0.22663
-0.30106,1,0.042133,-0.29241,0.11694,-0.23648
-0.28685,1,-0.11652,0.20438,-0.0045919,-0.38334
-0.39706,1,0.027398,0.38597,-0.088899,-0.60512
-0.38284,1,0.20476,0.03417,-0.33626,-0.26499
-0.29752,1,0.37312,-0.29866,0.16331,-0.61042
-0.28331,1,-0.26206,-0.25224,-0.31943,0.44228
-0.27977,1,0.014391,0.11855,-0.22744,-0.23616
-0.27623,1,0.20429,-0.17527,0.21774,-0.58399
-0.27269,1,-0.25347,-0.47626,0.42401,-0.042511
-0.44338,1,-0.12436,-0.20167,-0.21229,0.18386
-0.42916,1,0.12701,-0.060063,-0.074342,-0.3199
-0.41494,1,0.25705,0.036351,0.0019184,-0.60456
-0.40072,1,-0.18282,0.028819,-0.24828,0.081604
-0.3865,1,-0.091121,-0.076524,0.28843,-0.41127
-0.37228,1,-0.48668,-0.21427,-0.2203,0.57446
-0.35806,1,0.054915,0.051057,0.083065,-0.48284
-0.34384,1,-0.30063,-0.10409,0.038942,0.054275
-0.32962,1,-0.058875,0.25389,0.22251,-0.66421
-0.3154,1,-0.24109,-0.17088,-0.098478,0.17444
-0.30118,1,0.50748,-0.26014,0.16985,-0.76379
-0.28697,1,0.11581,0.0052169,-0.30359,-0.15531
-0.27275,1,-0.23911,-0.046155,0.27415,-0.27179
-0.25853,1,0.40543,0.39154,0.16405,-1.2051
-0.24431,1,-0.22265,-0.094956,-0.24566,0.22496
-0.23009,1,0.024213,0.0021398,0.0031566,-0.33724
-0.21587,1,-0.061512,-0.15997,0.1066,-0.20586
-0.20165,1,0.28218,0.24963,0.028845,-0.8354
-0.18743,1,-0.11138,-0.029644,-0.056761,-0.11643
-0.17321,1,0.018234,0.29737,-0.31622,-0.29075
-0.15899,1,-0.11903,-0.40069,0.021704,0.1342
-0.35458,1,0.31422,0.30147,-0.20145,-0.68626
-0.34036,1,-0.12084,-0.010889,-0.12548,-0.043422
-0.35104,1,0.11118,-0.11602,0.32467,-0.59882
-0.33682,1,-0.040209,0.2334,0.19958,-0.62519
-0.27995,1,0.26202,0.23606,-0.2515,-0.52839
-0.26573,1,-0.14603,0.35902,0.31423,-0.72686
-0.3475,1,0.056243,0.019655,0.066943,-0.4196
-0.24797,1,-0.24353,-0.1911,0.14508,-0.0038936
-0.34396,1,0.11523,0.17936,0.078174,-0.62232
-0.23021,1,0.032126,0.057982,0.28508,-0.62213
-0.34042,1,0.25834,0.30626,-0.50957,-0.33948
-0.3262,1,0.15352,-0.29401,-0.30066,0.086571
-0.31198,1,0.34329,0.23736,-0.22223,-0.62967
-0.22667,1,0.10472,0.5172,0.50398,-1.2811
-0.33688,1,-0.50121,0.01887,-0.26691,0.46782
-0.32266,1,-0.3342,-0.030547,-0.12714,0.21086
-0.30844,1,-0.33053,0.13427,0.12121,-0.15809
-0.29422,1,-0.14857,-0.048921,-0.031291,-0.051613
-0.28001,1,0.092038,-0.65062,0.39781,-0.17974
-0.26579,1,0.11753,0.36903,-0.27393,-0.45858
-0.22313,1,0.092752,0.1097,-0.16092,-0.31629
-0.33334,1,-0.72324,-0.035478,0.17589,0.34315
-0.3049,1,0.034835,-0.20667,-0.015903,-0.11738
-0.29068,1,0.13653,0.047682,0.045394,-0.49296
-0.27647,1,-0.51907,0.071298,-0.073292,0.26922
-0.26225,1,-0.3677,-0.17,-0.046965,0.29383
-0.24803,1,-0.074032,-0.055308,-0.04322,-0.10869
-0.23381,1,0.013793,-0.01005,0.13815,-0.40215
-0.3298,1,0.005234,-0.11657,0.22343,-0.37734
-0.25871,1,-0.19965,0.25898,0.050552,-0.32738
-0.24449,1,0.45302,-0.33197,0.071004,-0.51708
-0.23027,1,-0.20637,-0.28912,0.4411,-0.21145
-0.32626,1,-0.084315,-0.33181,-0.10133,0.19541
-0.21251,1,-0.034407,0.22695,0.053229,-0.46933
-0.3085,1,0.24142,0.12252,0.18139,-0.77776
-0.29428,1,-0.091781,0.077159,0.36731,-0.5656
-0.23741,1,-0.35728,-0.030795,0.18535,-0.035796
-0.22319,1,0.1639,-0.1402,-0.048936,-0.26635
-0.20897,1,0.14118,0.11238,0.14881,-0.63647
-0.23387,1,-0.085422,0.6465,0.095234,-0.80346
-0.21965,1,-0.16513,-0.5093,0.68623,-0.28025
-0.20543,1,0.24857,-0.072627,0.14229,-0.58107
-0.37966,1,0.11863,0.37169,-0.089524,-0.60283
-0.37612,1,0.060826,-0.15758,0.13727,-0.29814
-0.3619,1,-0.28233,-0.064329,0.031077,0.072382
-0.10596,1,-0.22942,0.3969,0.24408,-0.56598
-0.35836,1,-0.4552,-0.27825,0.35914,0.13647
-0.34414,1,-0.25092,0.24503,0.0017492,-0.19179
-0.32992,1,0.10274,0.29642,-0.0017683,-0.59584
-0.14507,1,-0.37169,0.11208,-0.17443,0.20507
-0.13085,1,-0.023007,-0.36885,-0.31015,0.37684
-0.11664,1,-0.15398,-0.21211,-0.16608,0.24796
-0.32638,1,-0.2624,-0.39117,-0.43427,0.75808
-0.31216,1,0.20684,-0.1949,-0.091586,-0.20208
-0.29794,1,0.48097,-0.056609,-0.40193,-0.31908
-0.16997,1,0.12875,0.12415,-0.32135,-0.18303
-0.15575,1,-0.32632,0.2501,-0.27405,0.13544
-0.14153,1,-0.75895,0.070147,-0.35589,0.80711
-0.2944,1,-0.33387,0.18021,0.23569,-0.25751
-0.28019,1,0.1203,-0.2055,-0.23121,0.026119
-0.26597,1,0.5522,0.34957,0.18402,-1.2653
-0.25175,1,-0.38916,-0.14363,0.32996,-0.012199
-0.23753,1,0.0047915,0.15081,-0.54908,0.13219
-0.22331,1,0.043982,-0.2484,0.027162,-0.093866
-0.20909,1,0.19544,0.14493,0.20346,-0.74277
-0.19487,1,-0.16837,-0.45498,0.098017,0.23501
-0.18065,1,0.20209,-0.22961,0.31253,-0.53172
-0.16643,1,0.098841,-0.25423,0.012526,-0.13205
-0.23057,1,-0.025732,0.023422,0.056683,-0.24567
-0.17369,1,-0.28087,-0.1758,0.30458,-0.039906
-0.22703,1,-0.25736,-0.19421,0.39791,-0.12998
-0.17015,1,-0.18025,-0.050597,0.15286,-0.10815
-0.22349,1,0.2117,0.088712,-0.28737,-0.22581
-0.16661,1,-0.081091,-0.078248,0.0013191,-0.04569
-0.21995,1,-0.028374,-0.27836,-0.15413,0.21407
-0.16307,1,-0.21974,0.5084,-0.30887,-0.11442
-0.21641,1,0.11295,0.5993,0.19597,-0.98896
-0.15953,1,0.11282,-0.17895,-0.0090796,-0.14378
-0.21287,1,0.28394,-0.37017,-0.23826,0.053684
-0.15599,1,-0.27815,0.038911,-0.17577,0.22877
-0.20933,1,0.036308,-0.0027087,0.17263,-0.3727
-0.15245,1,-0.15149,0.27652,0.013856,-0.27159
-0.20579,1,-0.095151,-0.018304,0.18711,-0.2341
-0.14891,1,0.2401,0.03948,0.02156,-0.47739
-0.20225,1,-0.23316,0.13224,0.01427,-0.059183
-0.14537,1,0.26557,0.26563,-0.14808,-0.53751
-0.19871,1,-0.022409,0.32368,0.22399,-0.62523
-0.14183,1,0.74995,0.14473,-0.07526,-0.99623
-0.19517,1,-0.3231,-0.46626,0.32498,0.26424
-0.13829,1,-0.058406,-0.37453,-0.20267,0.39384
-0.19163,1,-0.46642,-0.12824,-0.23873,0.64116
-0.13475,1,0.028585,-0.097739,0.11394,-0.21429
-0.18809,1,0.16526,-0.11161,-0.27536,0.013978
-0.13121,1,-0.47386,0.14312,-0.32414,0.50007
-0.18455,1,0.20123,-0.54861,-0.35817,0.42546
-0.12767,1,-0.3387,-0.30779,0.051885,0.40434
-0.18101,1,0.37345,0.072797,-0.096179,-0.51239
-0.12413,1,-0.10039,0.018483,0.23542,-0.28038
-0.1065,1,-0.20925,0.27224,-0.38368,0.20945
-0.10296,1,-0.26226,0.11544,0.084934,-0.025811
-0.46911,1,-0.044469,0.058672,0.33074,-0.42181
-0.45489,1,-0.12558,-0.016042,0.033415,-0.0049483
-0.44068,1,-0.11076,0.28349,0.25638,-0.47634
-0.099415,1,0.18882,0.38971,0.11887,-0.74941
-0.46557,1,0.28492,0.23603,0.23273,-0.81831
-0.45135,1,-0.10283,-0.18477,-0.23206,0.35905
-0.43714,1,-0.1951,0.11602,0.01194,-0.02237
-0.095876,1,-0.22222,-0.13249,-0.19707,0.4058
-0.46203,1,-0.041282,-0.058108,-0.13345,0.10227
-0.092336,1,-0.12061,0.2863,-0.44053,0.1714
-0.45849,1,0.25775,0.1855,0.0053476,-0.53429
-0.088796,1,-0.10856,0.25858,0.22147,-0.41577
-1.7062,1,-0.26014,0.084159,0.12842,-0.024339
-1.5214,1,-0.097697,-0.37793,0.63578,-0.26135
-0.45495,1,0.10718,-0.41807,0.075407,0.07113
-0.085256,1,-0.38824,-0.15846,-0.22181,0.63103
-1.7027,1,-0.082796,-0.038228,-0.17672,0.17748
-1.5179,1,-0.27562,0.091561,0.4866,-0.33683
-0.45141,1,0.12672,-0.4902,0.0015719,0.18252
-0.4372,1,0.093418,-0.2352,-0.60839,0.55522
-0.42298,1,0.21198,-0.1413,0.091564,-0.28227
-0.40876,1,-0.4415,-0.12202,0.30686,0.17789
-0.39454,1,-0.071432,0.27102,0.37348,-0.59594
-0.38032,1,-0.17598,-0.30372,-0.048951,0.38194
-0.3661,1,0.18022,0.56039,0.08713,-0.8395
-0.35188,1,-0.25361,0.070114,0.098046,0.011777
-0.33766,1,-0.14081,-0.03562,-0.23204,0.28521
-0.081716,1,0.010661,0.20776,-0.10316,-0.1937
-1.6992,1,-0.13403,0.14413,0.12124,-0.19161
-1.6849,1,0.010063,0.15949,-0.23504,-0.029054
-1.6707,1,-0.032706,-0.17462,0.13043,-0.034377
-1.6565,1,-0.027975,0.10611,0.16731,-0.31037
-1.6423,1,-0.48936,-0.39356,0.044859,0.69839
-1.6281,1,-0.1393,0.29729,0.0020951,-0.20755
-1.6138,1,0.23199,-0.11648,-0.14444,-0.10606
-1.5996,1,0.036647,-0.069785,-0.035929,-0.043267
-1.5854,1,0.11103,0.10692,-0.33179,-0.00048212
-1.5712,1,0.0063703,-0.48227,-0.2123,0.49728
-1.557,1,-0.12742,0.054019,0.25671,-0.24523
-1.5428,1,-0.13683,0.25591,0.089009,-0.25405
-1.5285,1,-0.04301,0.057087,-0.22527,0.10333
-1.5143,1,-0.024877,0.12036,0.13339,-0.29479
-0.41944,1,0.19941,-0.043826,-0.14019,-0.13791
-0.40522,1,0.21541,0.2081,-0.32285,-0.20162
-0.391,1,-0.10624,-0.15077,-0.11898,0.24772
-0.37678,1,0.24367,-0.29904,0.067193,-0.15587
-0.36256,1,-0.43463,0.24094,0.0028708,0.1432
-0.34834,1,-0.000052019,-0.18828,-0.42578,0.44904
-0.33412,1,-0.10598,-0.1875,-0.085452,0.24807
-0.3199,1,-0.11652,-0.34899,-0.28859,0.5802
-0.30568,1,-0.13588,-0.11643,-0.16102,0.28734
-0.29146,1,0.069976,-0.33469,0.42884,-0.27568
-0.27724,1,0.019805,0.31301,-0.16311,-0.23437
-0.26303,1,0.43237,-0.1788,0.32598,-0.6869
-0.24881,1,0.38923,0.057005,-0.073355,-0.47923
-0.23459,1,-0.47593,0.29295,0.32644,-0.15239
-0.22037,1,0.21515,0.023159,0.34841,-0.65479
-0.078177,1,-0.27514,-0.2384,0.09536,0.30084
-1.6956,1,-0.064613,-0.39494,0.44992,-0.10207
-1.6814,1,0.040055,-0.028205,-0.078762,-0.039705
-1.6672,1,0.13954,0.21632,-0.16873,-0.26723
-1.653,1,0.24228,0.1029,-0.094961,-0.34395
-1.6387,1,-0.078962,0.19897,0.089146,-0.26216
-1.6245,1,-0.010098,0.05042,-0.10395,-0.031782
-1.6103,1,0.081462,0.30558,-0.19844,-0.25606
-1.5961,1,-0.57891,0.17959,-0.026737,0.37378
-1.5819,1,-0.47542,-0.029495,0.11482,0.31567
-1.5676,1,-0.1829,0.048524,-0.33426,0.35685
-1.5534,1,0.070348,0.077424,0.083651,-0.30786
-1.5392,1,-0.0929,0.31755,0.25936,-0.50287
-1.525,1,-0.22584,0.067822,-0.045919,0.12266
-1.5108,1,-0.24132,0.18575,0.22117,-0.20395
-0.35902,1,0.16407,0.055354,0.43071,-0.70096
-0.3448,1,0.048368,-0.38109,-0.087459,0.25833
-0.33058,1,-0.21805,0.30574,-0.013879,-0.11585
-0.31636,1,-0.090804,-0.032108,-0.13034,0.14506
-0.30214,1,0.072774,-0.14274,-0.22762,0.15886
-0.28792,1,0.19735,-0.078907,-0.023068,-0.20918
-0.27371,1,0.096128,-0.12175,0.45577,-0.50395
-0.25949,1,0.11721,-0.15509,0.3306,-0.38367
-0.24527,1,0.15582,0.16111,0.093474,-0.47553
-0.23105,1,0.16925,0.37739,0.11196,-0.68921
-0.21683,1,-0.3955,0.50367,0.048605,-0.15764
-0.20261,1,-0.33917,0.20054,0.29964,-0.18713
-0.18839,1,0.16181,-0.093063,0.23961,-0.39936
-0.17417,1,0.07692,0.31152,-0.10551,-0.34086
-0.15995,1,0.71605,0.12054,0.22091,-1.1332
-0.074637,1,-0.24086,-0.10209,0.33159,-0.061128
-1.6921,1,-0.2023,-0.11257,-0.62113,0.77719
-1.5925,1,0.19356,0.15513,0.005098,-0.42564
-1.5072,1,0.11586,0.15089,0.26369,-0.57712
-0.24173,1,0.0017416,-0.11132,0.17967,-0.16145
-0.22751,1,0.20062,-0.042253,-0.25977,-0.025141
-0.21329,1,0.0073475,0.080912,0.072829,-0.23284
-0.19907,1,0.34215,-0.16011,-0.44211,0.094741
-0.18485,1,0.10563,0.077093,-0.056596,-0.21308
-0.17063,1,-0.029186,-0.10731,0.20719,-0.15805
-0.15641,1,-0.035187,-0.19864,0.0022362,0.11168
-0.14219,1,-0.054621,-0.10503,-0.51763,0.52485
-0.071097,1,-0.0032663,0.050498,0.38452,-0.47942
-1.6885,1,0.058967,-0.0046884,-0.50542,0.31533
-1.589,1,0.04828,0.43628,0.24996,-0.73336
-1.5037,1,-0.55713,0.078136,0.23131,0.20942
-0.13865,1,-0.17255,0.06319,-0.1157,0.14186
-0.12443,1,-0.1057,0.15681,0.14364,-0.2418
-0.067557,1,0.12086,0.44413,0.34709,-0.90292
-1.5855,1,-0.034627,0.16843,0.066539,-0.25135
-1.5002,1,-0.05429,-0.10027,0.21946,-0.14265
-0.12089,1,0.13009,0.013948,0.17245,-0.38625
-0.064017,1,0.010768,-0.30947,-0.20395,0.35226
-1.6246,1,-0.11599,0.52374,0.043701,-0.44431
-1.6104,1,-0.46252,-0.032577,0.35904,0.096429
-1.5961,1,-0.28572,0.27084,0.14444,-0.14723
-1.5819,1,0.079093,-0.096724,-0.27812,0.17266
-1.5677,1,0.17234,0.32186,0.14831,-0.66505
-1.5535,1,0.36482,-0.31703,-0.17112,-0.031987
-1.4966,1,0.070151,-0.038808,-0.22685,0.086245
-0.14579,1,0.18708,0.49357,-0.46741,-0.26603
-0.13157,1,-0.15296,0.22335,0.16744,-0.26447
-0.11735,1,-0.0090736,0.030426,-0.0047579,-0.092693
-0.060478,1,-0.050797,-0.12389,-0.49919,0.53015
-1.4931,1,0.11179,-0.12139,-0.10232,0.003486
-0.14225,1,-0.069243,0.14397,0.2072,-0.31618
-0.12803,1,0.30768,-0.19552,-0.20883,-0.038457
-0.056938,1,-0.16882,-0.026596,0.000011133,0.11888
1.692,1,-0.15247,0.19156,0.056979,-0.13436
1.8769,1,0.00057951,0.14213,0.13193,-0.31804
-1.4895,1,-0.050179,0.23404,0.12182,-0.3311
-0.053398,1,-0.20079,0.10637,0.020714,0.023743
1.6956,1,0.18616,0.021398,0.24241,-0.50378
1.8804,1,0.15666,-0.40417,-0.18706,0.27703
-1.486,1,-0.32274,0.40464,-0.017825,-0.064925
-0.049858,1,0.20772,0.030038,0.093644,-0.39475
1.6991,1,-0.11975,-0.038338,0.33887,-0.2229
1.7133,1,0.29663,0.033219,0.15632,-0.54584
1.7275,1,-0.12649,0.14405,0.09092,-0.14503
1.7418,1,0.15718,-0.07659,-0.055245,-0.11721
1.756,1,-0.07616,0.13099,-0.24004,0.11501
1.7702,1,0.29117,-0.18601,0.39978,-0.57591
1.7844,1,-0.063641,-0.085288,0.14431,-0.064071
1.7986,1,-0.0096794,-0.18554,-0.3541,0.4182
1.8129,1,-0.30677,-0.153,0.30801,0.094549
1.8271,1,0.3929,-0.058039,-0.060421,-0.37066
1.8413,1,0.34821,-0.18577,0.25208,-0.50055
1.8555,1,-0.55967,0.10987,0.016201,0.39735
1.8697,1,0.21895,-0.064225,-0.059061,-0.18775
1.8839,1,-0.043595,0.33875,-0.052353,-0.26489
-1.6246,1,0.41642,-0.017473,0.26953,-0.72569
-1.6104,1,-0.34174,0.06357,-0.33,0.53033
-1.5962,1,0.37705,-0.11478,0.0802,-0.43078
-1.5393,1,0.36719,-0.23881,-0.21988,-0.042961
-1.5251,1,-0.27859,-0.16899,0.017041,0.34685
-1.5109,1,-0.19002,0.062329,0.36285,-0.25428
-1.4967,1,-0.25571,0.064099,0.34912,-0.17574
-1.4825,1,-0.30674,-0.46897,0.083462,0.56936
-0.046318,1,0.19612,0.054845,-0.044573,-0.27488
1.7026,1,0.36041,-0.259,-0.28188,0.037441
1.7169,1,-0.2121,0.40207,-0.10147,-0.097198
1.7311,1,0.2132,-0.072013,-0.11897,-0.11746
1.7453,1,-0.41784,-0.15917,-0.10565,0.59327
1.7595,1,0.22651,-0.011403,0.20851,-0.48004
1.7737,1,-0.10834,-0.029075,0.039493,0.032919
1.788,1,-0.10148,-0.11829,-0.25435,0.3684
1.8022,1,-0.32478,-0.098587,0.18376,0.18327
1.8164,1,-0.084657,-0.33449,0.040728,0.26594
1.8306,1,-0.11149,-0.27398,-0.13949,0.40609
1.8448,1,0.0065889,0.054848,-0.17115,0.03509
1.8591,1,-0.096076,0.32203,0.29421,-0.50835
1.8733,1,-0.058114,0.0069281,-0.052087,0.034002
1.8875,1,-0.12955,-0.41946,-0.16291,0.56908
-1.6353,1,-0.20848,0.13714,0.50594,-0.42531
-1.6211,1,0.13297,0.0030608,-0.115,-0.098752
-1.6069,1,0.075978,-0.092544,0.25225,-0.29294
-1.5927,1,0.062769,-0.16924,0.024231,-0.0072352
-1.5784,1,0.19287,0.062152,0.15202,-0.45302
-1.5642,1,0.073338,-0.15814,-0.075537,0.063166
-0.042779,1,-0.24284,0.17213,0.079058,-0.03166
1.7062,1,0.0044102,0.32546,-0.16684,-0.1923
1.7915,1,0.45967,0.0047715,-0.17256,-0.38392
1.891,1,0.31688,-0.40455,-0.43658,0.34932
-1.646,1,-0.27051,-0.076191,0.035686,0.24973
-1.6318,1,-0.28103,0.056942,-0.14018,0.30769
-1.5607,1,-0.18739,0.0021474,0.30308,-0.14506
-1.5465,1,0.093558,0.056664,0.082171,-0.27942
-0.039239,1,-0.57164,-0.034965,0.21253,0.36386
1.7097,1,0.23825,-0.23534,0.14985,-0.24259
1.795,1,0.23373,-0.050158,-0.6048,0.2911
1.8946,1,0.069586,-0.035079,-0.067368,-0.041222
-1.6567,1,0.00093221,-0.35929,0.15074,0.10895
-1.5429,1,-0.17028,0.026399,0.25183,-0.13328
-0.035699,1,0.17224,-0.25963,-0.1915,0.1594
1.7133,1,0.20503,0.60936,0.03388,-0.81467
1.7986,1,0.23222,0.23456,-0.084779,-0.41756
1.8981,1,0.1795,-0.3388,0.080666,-0.028383
-1.6531,1,-0.19642,0.12055,0.42982,-0.34448
-1.5394,1,-0.087041,-0.039442,0.22894,-0.13902
-0.032159,1,0.24506,-0.30286,0.025569,-0.072828
1.7168,1,-0.10008,-0.2199,0.14003,0.10793
1.8021,1,0.11445,0.11134,-0.098227,-0.17658
1.9016,1,-0.22642,-0.34507,-0.18508,0.63926
-1.6496,1,-0.24047,-0.052713,0.20602,0.0542
-1.5359,1,0.062527,0.17108,-0.082007,-0.18514
-0.36988,1,-0.14408,-0.24062,0.28425,0.042999
-0.35566,1,-0.12953,-0.083962,-0.0040674,0.15745
-0.34144,1,0.051498,0.28507,-0.058558,-0.29159
-0.028619,1,-0.29723,-0.0057271,-0.30103,0.53358
1.7203,1,0.31161,-0.24077,-0.07521,-0.098914
1.8057,1,-0.020003,0.028416,0.47316,-0.484
1.9052,1,-0.27896,0.032049,-0.050653,0.25528
-1.6461,1,0.040623,0.13095,-0.16052,-0.053961
-1.5323,1,0.052393,-0.20203,-0.16546,0.22027
-0.36634,1,-0.097117,-0.0039488,-0.47941,0.49168
-0.35212,1,0.18784,-0.087532,0.20624,-0.35373
-0.3379,1,0.091886,-0.093532,-0.016185,-0.047838
-0.02508,1,-0.37662,0.069488,-0.31135,0.56428
1.7239,1,0.055533,0.033713,-0.26887,0.11148
1.8092,1,-0.11128,0.32066,0.12013,-0.31333
1.8234,1,-0.46465,-0.161,0.19363,0.39103
1.9087,1,-0.050011,0.10586,0.057734,-0.13783
-1.6425,1,0.033394,-0.10186,-0.47058,0.43563
-1.5288,1,0.53678,-0.34873,0.10952,-0.40032
-0.3628,1,0.088817,0.10699,0.018517,-0.24261
-0.02154,1,-0.23279,-0.37962,0.033864,0.48611
1.7274,1,0.053454,-0.31905,-0.13336,0.29239
1.8127,1,0.097822,0.07222,-0.3762,0.13625
1.827,1,0.3373,0.11126,-0.13488,-0.3624
1.898,1,-0.23721,-0.11854,-0.42988,0.69109
1.9123,1,-0.20085,0.25542,0.082961,-0.12886
-1.6248,1,-0.2576,0.39997,0.32654,-0.41085
-1.6105,1,-0.16076,0.22656,-0.20901,0.123
-1.5395,1,0.042805,0.12311,-0.1464,-0.055719
-1.5252,1,-0.030932,0.12059,-0.064078,-0.052548
-0.35926,1,-0.22013,-0.0299,-0.18035,0.37508
-0.34504,1,0.09412,-0.026476,-0.12197,-0.0040812
-0.33082,1,0.18187,0.025067,0.36973,-0.58479
-0.018,1,0.015855,0.20066,0.04355,-0.26625
1.731,1,-0.35075,-0.30519,0.31312,0.29401
1.7452,1,0.21848,0.24411,0.34871,-0.78874
1.8021,1,0.17687,-0.1982,0.016833,-0.069974
1.8163,1,-0.090948,-0.12796,0.17309,0.0040397
1.8447,1,-0.26537,0.10495,-0.10676,0.24061
1.8589,1,0.25836,-0.42379,0.057202,0.00046592
1.8731,1,0.047977,0.44426,0.13003,-0.58406
1.8874,1,0.40238,0.2598,0.52827,-1.1543
1.9016,1,-0.16335,0.26483,-0.035703,-0.064226
-1.6212,1,0.28793,0.59594,-0.47813,-0.40325
-1.607,1,-0.4479,0.39773,0.37339,-0.25246
-1.5928,1,0.33718,0.025938,0.27593,-0.6567
-1.5786,1,-0.18821,-0.050372,-0.25004,0.42625
-1.5643,1,-0.17438,-0.25809,-0.33855,0.66827
-1.5501,1,0.33652,0.19463,0.15233,-0.68648
-1.5359,1,-0.13487,0.11986,-0.064306,0.05852
-0.32728,1,-0.0664,-0.10414,0.12982,0.0012788
-0.31306,1,0.16322,-0.0023656,-0.28541,0.056289
-0.29884,1,-0.00029453,0.063245,0.23469,-0.30369
-0.28462,1,-0.054737,-0.16652,0.37666,-0.18223
-0.27041,1,0.47765,-0.064024,-0.05895,-0.42071
-0.17087,1,0.31652,0.05396,0.11041,-0.50875
-0.01446,1,0.25342,0.064892,0.038666,-0.3879
1.7345,1,0.17427,-0.017251,0.051662,-0.24878
1.7487,1,-0.009674,-0.046187,-0.29257,0.27773
1.7629,1,-0.061515,0.053127,0.296,-0.28787
1.7772,1,0.25412,-0.35225,-0.024682,0.022016
1.7914,1,-0.19619,0.29981,-0.14953,0.046726
1.8056,1,0.054838,0.023782,-0.022853,-0.092953
1.8483,1,-0.26784,-0.11299,-0.21577,0.53001
1.8625,1,0.024714,-0.09909,0.33246,-0.28085
1.8767,1,0.047622,0.17948,-0.17052,-0.083126
1.8909,1,0.086381,-0.15866,0.16676,-0.14328
-1.5892,1,-0.38468,-0.21905,-0.07845,0.61851
-1.575,1,-0.4427,-0.16057,0.15627,0.41539
-1.5608,1,0.043942,0.22847,0.081976,-0.34692
-0.30952,1,-0.038531,0.0045834,-0.43291,0.3953
-0.2953,1,-0.025452,-0.17808,0.031158,0.11474
-0.28108,1,0.080792,0.37846,0.31988,-0.72797
-0.26687,1,0.02904,0.33255,0.022907,-0.36601
-0.25265,1,0.17099,0.35419,-0.085412,-0.4319
-0.23843,1,-0.43195,0.10751,0.1308,0.20057
-0.22421,1,-0.18292,0.53724,-0.40377,0.066477
-0.20999,1,0.26616,-0.26253,0.027114,-0.11004
-0.19577,1,0.15529,0.26583,0.064575,-0.47725
-0.18155,1,-0.25634,-0.027149,-0.37675,0.59515
-0.16733,1,-0.060882,-0.12648,-0.07631,0.20517
-0.15311,1,-0.32394,0.40466,-0.25432,0.18794
-0.13889,1,-0.11581,-0.15346,0.42617,-0.17211
-0.01092,1,-0.16381,-0.62128,0.30786,0.38074
1.7523,1,0.13254,-0.21779,0.41745,-0.36518
1.7665,1,0.18693,-0.12663,-0.21438,0.07588
1.7807,1,-0.099395,0.30776,-0.0019156,-0.19037
1.7949,1,-0.0098391,-0.27933,0.011103,0.20261
1.8091,1,0.22356,0.062845,-0.12518,-0.20323
-1.6284,1,-0.2567,0.29017,0.14066,-0.1399
-1.5146,1,0.15681,-0.083267,0.098716,-0.21102
-0.16379,1,0.10026,-0.27649,-0.14661,0.23362
-0.14957,1,0.20017,0.1505,0.14097,-0.49188
-0.13535,1,-0.41338,-0.031633,-0.1142,0.52523
-0.12113,1,-0.18311,0.44579,0.23938,-0.43702
-0.10691,1,-0.3631,-0.28415,0.13927,0.45691
-0.0073805,1,-0.20845,0.15072,0.021117,0.037135
0.063715,1,-0.12459,-0.17562,0.074667,0.17843
0.077935,1,-0.42863,0.0378,0.16589,0.22762
-1.6248,1,0.1099,-0.047008,0.1204,-0.20983
-1.5822,1,0.094664,-0.10296,-0.26475,0.2032
-1.5395,1,0.069149,0.071464,0.17855,-0.32103
-1.5111,1,0.47911,-0.030366,-0.040356,-0.45758
-0.16025,1,-0.30804,-0.10288,-0.20881,0.5665
-0.11759,1,0.33752,0.19436,-0.21968,-0.3392
-0.10337,1,-0.10338,-0.0071482,0.049154,0.040547
-0.089156,1,0.14651,0.29586,-0.094178,-0.3427
-0.0038407,1,0.024012,-0.21167,-0.18363,0.29417
0.067255,1,-0.033368,0.014114,0.015459,-0.018844
0.081474,1,-0.43556,-0.053236,-0.26434,0.7061
1.7451,1,-0.040875,-0.068131,0.10089,-0.019138
1.7593,1,-0.23737,0.072098,-0.20732,0.34435
1.7736,1,0.20959,-0.13978,-0.34114,0.18558
-1.6213,1,0.61593,0.5841,-0.073647,-1.0848
-1.6071,1,0.15849,-0.24692,0.18068,-0.14204
-1.5928,1,0.28328,-0.11018,-0.041643,-0.18409
-1.5786,1,-0.060637,-0.028026,0.1838,-0.10477
-1.5644,1,-0.25821,0.089053,-0.15158,0.30412
-1.5502,1,-0.034198,0.10119,0.18064,-0.23846
-1.536,1,0.20622,0.39011,0.22258,-0.76841
-1.5218,1,-0.095038,-0.342,-0.0066749,0.36946
-1.5075,1,0.20231,-0.044818,0.055587,-0.2445
-0.15671,1,0.47935,-0.1594,-0.16859,-0.22874
-0.085616,1,0.24844,0.10133,0.37883,-0.70939
-0.00030085,1,0.067715,-0.19813,0.60149,-0.47237
0.070795,1,0.011601,0.042688,-0.22196,0.12981
1.7487,1,-0.13279,-0.030219,0.026828,0.11395
1.7629,1,-0.35007,-0.37908,-0.12917,0.77448
1.7771,1,-0.091621,-0.20919,-0.066996,0.30835
1.7913,1,0.21682,0.18889,-0.10828,-0.30832
1.8198,1,-0.038324,-0.32416,-0.49004,0.73527
1.834,1,0.10108,0.0098646,-0.046022,-0.094319
1.8482,1,-0.032771,0.040827,0.0069204,-0.030969
-1.6177,1,-0.14905,-0.11022,0.5168,-0.24353
-1.5182,1,-0.17321,-0.10322,-0.3672,0.57871
-0.11051,1,-0.24822,-0.18605,-0.017714,0.40839
-0.096295,1,-0.35432,-0.11818,-0.16917,0.5977
-0.082076,1,-0.26035,0.077501,-0.18306,0.34805
0.003239,1,0.17259,-0.070196,0.3451,-0.4522
0.074335,1,-0.16972,0.030426,0.2433,-0.09277
0.088554,1,-0.094419,-0.34834,-0.16514,0.52154
0.10277,1,-0.11739,-0.01745,-0.2646,0.35547
1.7522,1,0.16328,-0.10614,0.52076,-0.57183
1.7949,1,-0.32915,-0.18391,-0.43483,0.86885
1.8091,1,-0.12551,-0.19638,-0.036072,0.3076
1.8233,1,-0.081727,-0.15384,0.25719,-0.039936
1.8375,1,0.12434,0.36516,0.074941,-0.52556
1.866,1,-0.049941,0.047537,-0.17516,0.14982
-1.6142,1,0.22187,-0.012731,-0.02219,-0.21442
-1.5005,1,0.11073,0.012085,-0.18424,0.026156
-0.10697,1,-0.056385,-0.33776,0.016947,0.31133
-0.092755,1,0.36085,0.12204,-0.20143,-0.30855
-0.078536,1,-0.12884,0.29957,-0.1677,0.014199
0.0067788,1,0.24227,0.1691,0.04203,-0.44766
0.092094,1,0.27715,-0.055941,0.13021,-0.37319
0.10631,1,-0.19513,-0.16867,-0.35155,0.64577
0.12053,1,-0.28483,-0.15618,-0.15703,0.5507
0.13475,1,-0.15762,-0.58693,-0.12259,0.75315
0.14897,1,0.19866,0.30335,0.056403,-0.52951
0.16319,1,-0.10564,0.25552,-0.32534,0.17087
0.2485,1,-0.023471,0.1821,-0.22267,0.055209
1.7557,1,0.14521,0.25357,0.30614,-0.65934
1.8126,1,-0.063272,0.33932,0.14267,-0.36892
1.8695,1,0.041936,0.10867,0.44607,-0.55762
-1.4969,1,-0.53775,-0.085394,-0.35377,0.93306
0.010319,1,-0.12663,0.079898,-0.34576,0.36301
0.12407,1,-0.35306,-0.15792,0.35043,0.16455
0.13829,1,-0.11733,-0.15818,0.16151,0.093982
0.15251,1,0.051062,-0.0073697,-0.027626,-0.034989
0.16673,1,0.20806,-0.10547,-0.22618,0.066999
0.18095,1,0.12871,0.14034,-0.094409,-0.1792
0.19517,1,-0.20282,-0.05139,0.24868,0.012311
0.20939,1,-0.011472,0.36532,0.01584,-0.32562
0.22361,1,0.041921,0.22726,-0.12113,-0.13921
0.23783,1,-0.26684,-0.18323,0.21111,0.22389
0.25204,1,0.11279,-0.41835,0.11227,0.12226
1.7593,1,0.10144,0.23149,0.26077,-0.55105
1.8162,1,0.080089,0.3716,-0.054387,-0.36129
1.873,1,-0.45357,-0.025436,-0.30453,0.75097
-1.5076,1,-0.031121,0.0092691,-0.20678,0.2016
-1.4934,1,0.18223,0.30991,-0.053852,-0.41127
0.013858,1,-0.3787,0.22097,0.16602,0.041131
0.18449,1,0.31484,-0.2298,-0.0048035,-0.13542
0.19871,1,-0.2077,-0.14824,-0.23475,0.54196
0.21293,1,0.099771,0.23343,-0.50476,0.14802
0.22715,1,-0.096204,-0.14099,0.23811,-0.0085606
0.24137,1,-0.33839,-0.11915,-0.20023,0.62038
0.25558,1,-0.25467,-0.17647,-0.24629,0.62464
0.2698,1,0.062638,-0.21461,0.35724,-0.21788
0.28402,1,0.27867,0.098296,-0.061052,-0.32482
0.29824,1,-0.018452,-0.15864,0.0043459,0.13883
1.8197,1,-0.03163,0.045085,0.23946,-0.23371
1.8766,1,0.24749,0.20716,0.012865,-0.45207
-1.4898,1,-0.12949,-0.34983,-0.0013444,0.42337
0.017398,1,0.12884,0.15475,0.28096,-0.52595
0.25912,1,0.043608,0.028531,0.29911,-0.34795
0.27334,1,-0.19287,-0.2541,-0.096789,0.49427
0.28756,1,0.06256,-0.055671,0.25253,-0.25384
0.30178,1,0.00016742,0.027874,0.11487,-0.13528
0.316,1,-0.24348,0.02579,-0.0038909,0.225
0.33022,1,-0.30956,-0.094116,-0.20057,0.57319
1.7664,1,-0.069907,-0.54897,0.36233,0.20017
1.8232,1,0.086093,0.18467,0.27785,-0.50448
1.8375,1,-0.43554,0.20495,-0.089999,0.34914
1.8659,1,-0.15453,0.11958,0.083564,-0.025347
1.8801,1,0.39096,0.31466,-0.032554,-0.64601
-0.24923,1,-0.049582,-0.46765,0.010957,0.43307
-0.23501,1,-0.079279,0.16766,-0.52236,0.41052
-0.22079,1,0.18264,-0.27112,-0.29408,0.30507
-0.20657,1,-0.18594,0.049584,-0.16145,0.2922
-0.19235,1,-0.12066,0.23841,-0.14437,0.049708
-0.17813,1,-0.19314,-0.13074,-0.10954,0.40506
-0.16391,1,-0.29152,-0.1224,0.24031,0.18127
-0.14969,1,-0.14315,0.0057141,0.28284,-0.11842
-0.13547,1,-0.15606,-0.12284,-0.010602,0.27033
-0.12125,1,-0.40832,0.087838,-0.062869,0.39897
0.020938,1,-0.17524,-0.10776,0.070343,0.20374
0.26266,1,0.42553,0.24746,0.11046,-0.75131
0.33376,1,-0.24991,-0.27225,0.2757,0.23314
1.7699,1,-0.12468,-0.43522,0.058924,0.43927
1.7841,1,0.11538,0.043488,0.20273,-0.34351
1.7983,1,0.2085,0.088713,0.48352,-0.73272
1.8126,1,0.0959,0.30945,-0.029802,-0.33728
1.8268,1,0.065105,0.098327,0.090813,-0.23651
1.841,1,-0.13843,0.014427,0.039361,0.090607
1.8552,1,-0.4133,-0.18209,-0.149,0.71083
1.8694,1,0.2294,0.014618,-0.14638,-0.1191
-1.5965,1,-0.088699,-0.045602,-0.10288,0.22286
-1.4828,1,-0.094401,0.24251,0.023001,-0.12953
-0.27412,1,-0.031011,0.075214,0.57304,-0.55296
-0.25991,1,0.2543,0.1103,0.20219,-0.53911
-0.24569,1,-0.18485,-0.11914,-0.14878,0.42572
-0.23147,1,0.095782,-0.064429,0.2082,-0.23364
-0.11771,1,-0.019094,-0.31037,0.46302,-0.13888
-0.10349,1,0.2528,0.5544,0.11851,-0.83742
-0.089276,1,0.11278,0.1098,0.039037,-0.24487
0.024478,1,-0.0065613,0.14991,0.013616,-0.13297
0.2662,1,0.45926,0.40596,-0.24133,-0.59714
0.3373,1,-0.1842,-0.088622,0.3001,-0.0087042
1.7734,1,0.17084,0.3936,-0.28778,-0.24781
1.7877,1,0.0013102,0.022524,-0.12352,0.091381
1.8445,1,0.025341,0.062174,-0.041715,-0.041238
-1.593,1,-0.077046,-0.30501,0.055304,0.29003
-1.5787,1,-0.035355,0.23666,-0.10009,-0.070112
-1.5361,1,-0.013485,-0.35119,0.1976,0.13444
-1.4792,1,-0.38423,0.040666,0.094343,0.27793
-0.2848,1,0.12628,-0.20611,0.35302,-0.27335
-0.27058,1,0.11454,0.56005,0.16599,-0.7398
-0.085736,1,0.27594,0.24996,0.11763,-0.5994
-0.071517,1,-0.26872,0.066966,0.090926,0.13997
-0.057297,1,0.35358,0.082555,0.17795,-0.59238
0.028018,1,0.33239,0.25439,-0.15616,-0.41241
0.32662,1,0.19446,0.53691,-0.12546,-0.53757
0.34084,1,0.14009,0.053628,0.35881,-0.51266
1.777,1,-0.049892,0.0074324,0.14998,-0.088382
-1.5894,1,-0.28826,0.17038,0.2191,-0.040602
-1.5752,1,0.10477,-0.35865,-0.066834,0.26277
-1.561,1,-0.0098857,0.10232,-0.026071,-0.046525
-1.5468,1,-0.082241,-0.0093818,-0.49371,0.5474
-1.5326,1,-0.1491,-0.16186,0.15664,0.15423
-1.5183,1,0.10142,-0.12941,-0.12095,0.12136
-1.5041,1,-0.093176,-0.14021,-0.04945,0.26567
-1.4899,1,-0.039599,-0.1758,0.17387,0.037757
-1.4757,1,0.12902,-0.17202,-0.19953,0.20044
-0.3097,1,-0.14652,-0.21512,-0.026836,0.36339
-0.29548,1,-0.125,0.13505,0.28041,-0.23434
-0.053758,1,-0.62735,0.26039,-0.10904,0.53017
-0.039538,1,0.23914,0.07525,0.10363,-0.3976
0.031557,1,0.28004,0.056864,-0.12301,-0.21816
0.33016,1,0.064867,-0.3619,-0.42457,0.63164
0.34438,1,0.087018,-0.096265,0.14199,-0.13083
1.7236,1,-0.096633,-0.02373,-0.035809,0.15824
1.7805,1,0.0063662,0.14383,-0.24843,0.10369
1.7947,1,0.38412,-0.36232,-0.11964,0.026538
1.809,1,-0.14418,0.20637,-0.027739,0.0050444
1.8943,1,0.12223,-0.22233,-0.21718,0.26605
-1.5859,1,-0.35245,0.071337,0.076264,0.24239
-1.4864,1,-0.032856,0.49284,-0.14296,-0.24389
-1.4721,1,0.0055943,-0.30725,-0.11611,0.36938
-0.32038,1,-0.0096201,0.11314,0.097383,-0.1648
-0.035999,1,-0.28167,-0.19312,-0.030621,0.49057
0.035097,1,-0.010457,0.07229,-0.41017,0.33186
1.713,1,0.03853,-0.033394,0.218,-0.1999
1.7272,1,0.21796,0.028091,-0.1645,-0.08891
1.7414,1,0.16694,-0.31969,-0.16587,0.25918
1.8978,1,0.11209,0.39657,0.019144,-0.45878
-1.5823,1,0.033178,0.32289,-0.21222,-0.10168
-1.4686,1,0.3136,0.024139,0.073646,-0.39701
0.038637,1,-0.089003,-0.44882,-0.15473,0.62494
1.7165,1,-0.56608,0.35998,0.26195,0.052403
1.8445,1,-0.30642,0.09847,0.045186,0.20366
1.8587,1,-0.19782,0.22381,0.17323,-0.13049
1.8729,1,-0.13935,0.03882,0.10392,0.028936
1.8871,1,0.32717,0.14135,0.086323,-0.52169
1.9013,1,-0.18911,-0.0071657,-0.31368,0.49852
-1.5788,1,-0.053631,-0.33869,0.20114,0.17529
-1.4651,1,0.0793,0.20829,0.12027,-0.35092
-0.24221,1,0.151,0.22192,0.025985,-0.35052
-0.22799,1,0.33198,0.048568,0.258,-0.60078
-0.21377,1,0.0174,0.41912,-0.4724,0.072885
0.042177,1,0.12825,-0.15507,0.045443,-0.025715
0.18437,1,-0.33232,-0.10541,0.29786,0.17659
0.19859,1,0.22352,-0.24535,0.029903,-0.033165
0.21281,1,-0.092567,0.29582,-0.23105,0.071026
0.22703,1,-0.072552,0.076374,0.18887,-0.14542
0.24125,1,-0.094626,-0.028909,-0.018681,0.15501
0.25546,1,-0.02528,-0.071077,0.22284,-0.1001
0.26968,1,-0.46011,-0.2069,-0.027964,0.69002
0.2839,1,0.028384,-0.22682,-0.20473,0.36508
0.29812,1,0.42337,-0.10318,0.13226,-0.45207
1.7343,1,-0.1188,0.10285,0.095657,-0.035551
1.7485,1,-0.0085416,0.3111,-0.18818,-0.067283
1.8196,1,0.12453,-0.030779,-0.12629,0.028977
1.8338,1,-0.35169,-0.15934,0.34314,0.20102
1.848,1,-0.21812,0.3863,-0.10013,0.0046083
1.8622,1,-0.0094267,0.086056,0.038989,-0.082334
1.9049,1,0.18055,-0.083027,-0.02699,-0.074661
-1.5753,1,-0.20836,-0.32438,0.12944,0.39082
-1.4615,1,0.25731,-0.099337,-0.51858,0.31026
-0.23867,1,-0.61979,0.1726,-0.019108,0.52833
-0.22445,1,-0.22578,-0.043115,-0.12459,0.40152
-0.21023,1,-0.19847,0.054772,-0.070118,0.24108
-0.15335,1,0.089049,0.26108,-0.069288,-0.23003
-0.13913,1,-0.14993,0.38643,-0.12878,-0.036267
0.045717,1,-0.13239,-0.12784,-0.025977,0.28756
0.14525,1,-0.13732,0.27948,-0.11209,0.026123
0.15947,1,0.038446,-0.045801,0.15517,-0.12221
0.17369,1,0.096681,0.12704,-0.098304,-0.098055
0.18791,1,0.42999,0.18953,-0.039646,-0.54708
0.20213,1,0.35328,0.17689,-0.10141,-0.40135
0.28744,1,0.060145,0.0024256,-0.034132,-0.013319
0.30166,1,-0.27559,0.074242,0.058404,0.18713
0.31588,1,-0.26738,0.27348,0.2672,-0.17971
0.3301,1,-0.027759,-0.042827,0.19017,-0.088436
0.34432,1,-0.38482,0.07036,-0.083369,0.43159
1.7662,1,0.032492,-0.17728,-0.090195,0.21818
1.7805,1,0.26631,0.22695,0.24596,-0.66994
1.7947,1,0.057214,0.10074,0.15576,-0.26608
1.8089,1,0.031796,-0.25657,0.018548,0.18718
1.8231,1,-0.20778,-0.074403,0.2097,0.10571
1.8373,1,-0.4274,-0.38572,-0.030258,0.81316
-1.5717,1,-0.013367,-0.24764,0.083084,0.17077
-1.5575,1,0.1041,-0.38773,-0.30628,0.52236
-1.5433,1,-0.39113,0.21257,0.15676,0.10284
-1.5291,1,0.091086,0.056394,0.097166,-0.2068
-1.5149,1,0.28804,-0.27065,-0.090792,0.038247
-1.5006,1,-0.040947,0.21497,0.039195,-0.15253
-1.4864,1,-0.15656,-0.21936,-0.23977,0.58751
-1.4722,1,0.47504,0.033469,0.37046,-0.83066
-1.458,1,-0.12333,0.047401,-0.03118,0.13798
-0.23513,1,-0.057934,-0.15804,-0.057359,0.2684
-0.12137,1,-0.17683,0.098235,-0.30691,0.40055
0.049256,1,-0.007008,-0.006624,0.52121,-0.4379
0.13457,1,-0.071186,-0.15358,-0.20352,0.41108
0.14879,1,-0.066154,0.12928,0.19161,-0.19258
0.34786,1,-0.023724,-0.12574,0.252,-0.075251
0.36208,1,0.14204,-0.20627,-0.053102,0.099669
1.7982,1,-0.31127,-0.21617,-0.14924,0.66166
1.8124,1,0.22146,0.089539,-0.014636,-0.26735
-1.5682,1,0.19995,-0.097718,-0.22614,0.1088
-1.554,1,-0.0047638,-0.15653,0.0073105,0.157
-1.4829,1,0.20276,0.24411,-0.21775,-0.19104
-1.4687,1,0.029559,-0.015216,-0.30782,0.28846
-1.4544,1,0.085607,-0.27465,-0.13771,0.29582
-0.23159,1,0.13047,0.12474,0.073257,-0.28009
-0.10361,1,-0.25657,0.087621,-0.23776,0.43204
0.052796,1,0.18412,0.18823,-0.22912,-0.11423
0.12389,1,0.067776,0.10775,-0.059647,-0.080452
0.13811,1,0.28253,0.0732,0.31474,-0.61231
0.36562,1,-0.00315,-0.55674,-0.06251,0.55754
0.37984,1,0.12366,0.23414,-0.24191,-0.079283
1.8302,1,-0.2995,0.34455,0.24069,-0.17605
1.8444,1,0.25596,0.063609,-0.22545,-0.085975
-1.5646,1,-0.28671,0.27351,-0.22474,0.29721
-1.4509,1,0.15053,0.16101,-0.33756,0.045244
-0.21383,1,-0.32379,0.24318,-0.23241,0.36799
-0.19961,1,-0.058441,-0.084383,-0.14021,0.28854
-0.10007,1,0.28244,0.0017482,-0.063987,-0.20423
0.056336,1,0.38161,-0.4103,0.16526,-0.1658
0.11321,1,0.0968,-0.38116,-0.088312,0.33291
0.38338,1,-0.15344,0.10635,0.13274,-0.023226
1.8622,1,0.11716,-0.042256,0.086502,-0.13375
1.8764,1,0.37859,-0.097361,0.07506,-0.3456
1.919,1,-0.18544,-0.14012,0.46423,-0.082927
-1.4474,1,0.51201,0.092931,-0.12736,-0.45662
-0.22451,1,-0.51467,0.43622,-0.2449,0.41562
-0.21029,1,0.11629,-0.15478,-0.33386,0.34772
-0.19607,1,-0.22017,0.15106,-0.6197,0.69468
-0.18185,1,-0.20567,-0.12045,-0.0078811,0.35359
-0.16763,1,0.18862,0.01035,0.23245,-0.38106
-0.15341,1,-0.14672,0.17314,0.18411,-0.13001
-0.096535,1,0.3375,0.16807,0.1471,-0.59014
0.059876,1,-0.20971,-0.32212,0.55912,0.013197
1.8941,1,-0.18162,0.063985,-0.30874,0.44614
1.9084,1,0.030503,0.1203,-0.47395,0.33043
1.9226,1,-0.15136,0.49263,-0.052483,-0.18066
-1.4438,1,0.46623,0.25989,0.015043,-0.67692
-0.22097,1,0.47734,-0.02961,-0.11641,-0.32384
-0.20675,1,-0.095148,-0.10328,-0.054154,0.27077
-0.19253,1,-0.3149,-0.27301,-0.096852,0.67926
-0.17831,1,0.25541,0.19938,0.077478,-0.46559
-0.16409,1,-0.2255,0.37674,0.00056468,-0.051179
-0.14987,1,0.59952,-0.04577,-0.18053,-0.37757
-0.13565,1,0.12805,0.083974,0.21468,-0.36159
-0.12143,1,0.34223,-0.13983,0.26001,-0.43364
-0.10721,1,0.011498,0.058142,0.032523,-0.054319
-0.092995,1,-0.11713,-0.1525,0.023561,0.26442
0.063416,1,-0.060907,0.0025617,-0.22007,0.29674
1.9261,1,-0.31544,-0.21257,0.081319,0.46675
-1.554,1,-0.03641,0.1546,-0.12059,0.055788
-1.4403,1,-0.30349,-0.013183,-0.42403,0.74826
-0.21743,1,0.048963,0.33868,-0.053058,-0.24919
-0.14633,1,0.045964,0.12348,-0.037526,-0.07808
-0.13211,1,-0.25982,0.33564,-0.23408,0.23547
-0.11789,1,-0.24469,-0.0090598,0.10768,0.20111
-0.10367,1,-0.18772,-0.14711,0.033322,0.32693
0.066956,1,0.23822,0.12939,0.39343,-0.67245
0.19493,1,-0.047561,-0.023673,0.17398,-0.049535
0.20915,1,0.25763,0.33118,-0.25977,-0.26963
0.22337,1,0.075502,-0.20675,0.30487,-0.14009
1.9297,1,0.02659,0.11329,0.27819,-0.33642
-1.5505,1,0.32891,0.038661,0.33441,-0.63195
-1.5363,1,-0.23569,-0.18141,-0.4392,0.83804
-1.5221,1,-0.0072711,-0.1399,-0.011089,0.17893
-1.5078,1,-0.33803,-0.11347,-0.0079004,0.49385
-1.4652,1,-0.14383,-0.5312,-0.19152,0.81455
-1.451,1,0.0050575,-0.18951,0.23317,-0.013727
-1.4367,1,0.017514,0.29707,0.18144,-0.39139
-0.21389,1,0.046839,0.44126,0.10246,-0.47182
-0.10013,1,-0.16665,0.10949,0.47866,-0.31328
-0.085916,1,-0.40973,-0.14453,-0.13054,0.70533
0.070495,1,0.078031,-0.1952,0.44238,-0.27409
0.19847,1,0.078368,-0.12997,0.14147,-0.056202
0.21269,1,0.030487,0.20093,-0.093179,-0.073801
0.22691,1,0.05944,-0.086955,0.010294,0.046063
0.28378,1,-0.2251,0.077198,0.037359,0.17519
0.298,1,0.020215,0.30736,-0.28172,0.018017
1.8479,1,-0.019633,0.20686,-0.046033,-0.070115
1.8621,1,-0.026478,0.25798,-0.18402,0.019052
1.8763,1,-0.20034,0.10455,0.21696,-0.036637
1.8905,1,-0.19236,-0.083027,0.30234,0.036332
1.9048,1,-0.35869,-0.2269,-0.13254,0.72438
-1.547,1,-0.20994,0.22125,0.056744,0.023383
-1.5327,1,0.0060307,-0.039071,-0.27275,0.32102
-1.5185,1,0.23919,0.029856,0.13911,-0.35142
-1.5043,1,-0.12137,-0.12391,0.16961,0.12188
-1.4901,1,-0.52547,-0.30852,-0.16991,1.0023
-1.4759,1,-0.095085,-0.27989,0.042119,0.34272
-1.4616,1,-0.32971,-0.0041463,0.060865,0.33361
-1.4474,1,0.44857,-0.214,0.081006,-0.30757
-1.4332,1,0.26035,0.27076,0.21584,-0.6468
-0.21035,1,0.22558,0.20472,0.029293,-0.38562
-0.082376,1,0.22231,0.21937,0.030135,-0.39543
0.074035,1,0.26203,-0.13998,-0.10267,-0.011438
0.20201,1,-0.16712,0.43905,0.21237,-0.34642
0.30154,1,-0.13462,-0.52245,0.32319,0.33327
1.823,1,-0.28962,-0.019377,0.11228,0.25855
1.8372,1,-0.12107,-0.46007,0.080135,0.48741
1.8514,1,-0.2027,-0.36745,-0.15412,0.70584
1.8657,1,0.17737,-0.018153,0.39249,-0.47745
1.8799,1,-0.094613,0.27202,-0.33705,0.21966
1.8941,1,-0.20382,0.57406,-0.29386,0.037086
1.9083,1,0.1424,-0.19096,-0.35795,0.38674
1.9225,1,-0.036497,-0.039624,-0.28943,0.38038
-1.5434,1,0.55441,-0.20903,0.13977,-0.47069
-0.19259,1,-0.12289,-0.46805,0.19145,0.39822
-0.17837,1,0.0011589,0.23779,0.074301,-0.22035
-0.10727,1,0.26634,-0.25061,-0.023924,0.0095506
-0.093055,1,0.089265,0.00050447,0.039725,-0.078708
-0.078836,1,0.0088565,-0.1583,-0.12679,0.28973
0.077575,1,-0.51082,0.26174,-0.16569,0.50406
0.20555,1,-0.18987,-0.3735,-0.095519,0.64786
0.3193,1,0.48184,0.038677,0.25306,-0.70867
1.8265,1,-0.081097,0.028837,-0.15948,0.25356
1.9261,1,0.37586,-0.35532,0.25909,-0.27165
1.9403,1,-0.29339,-0.11379,0.083449,0.37188
-1.5399,1,0.0036745,0.1996,-0.024558,-0.097435
-0.10373,1,0.069189,0.084575,0.11107,-0.19071
-0.089515,1,0.50475,0.072268,0.07295,-0.59364
-0.075296,1,-0.12241,0.0036407,-0.22822,0.38318
0.081115,1,-0.076332,-0.035669,0.050426,0.11585
0.22331,1,0.34183,0.19693,-0.024952,-0.44263
0.23753,1,-0.19182,0.49458,0.12403,-0.28107
0.32284,1,0.02617,-0.23397,0.18052,0.060047
1.8301,1,-0.21244,-0.50833,0.14616,0.56891
1.9438,1,0.19487,-0.34666,0.11895,0.037865
-1.4226,1,0.33721,-0.24289,-0.38924,0.26877
0.084655,1,-0.067944,-0.11947,-0.19683,0.40618
0.21263,1,0.023325,-0.081875,0.30264,-0.1734
0.22685,1,-0.38484,-0.10099,0.40893,0.166
0.24107,1,-0.30949,0.10344,-0.48557,0.72833
0.25528,1,-0.15599,-0.21918,-0.071603,0.46734
0.2695,1,-0.013765,0.30784,0.25739,-0.42399
0.28372,1,-0.073409,-0.28766,0.17256,0.21849
0.32638,1,0.41913,-0.1966,-0.35571,0.11486
1.8336,1,0.25581,0.037776,0.043308,-0.27813
1.9474,1,-0.032552,0.17403,-0.5837,0.47291
-1.5186,1,0.21369,0.26184,0.25527,-0.61373
-1.5044,1,0.20726,-0.16187,-0.043556,0.023056
-1.4901,1,0.2891,0.13895,0.096369,-0.44289
-1.4759,1,-0.22059,-0.18631,0.16423,0.29499
-1.4617,1,-0.07701,-0.11933,0.27349,-0.0086677
-1.4475,1,0.23574,-0.061842,0.0037576,-0.13389
-1.4333,1,-0.52234,-0.16085,-0.15147,0.87069
-1.419,1,-0.13185,0.15138,-0.27319,0.31538
0.088194,1,0.18933,-0.011446,0.40339,-0.49196
0.21617,1,0.16678,-0.1234,0.050448,-0.053285
0.23039,1,0.019579,0.17493,-0.019712,-0.090642
0.24461,1,-0.067213,-0.72022,-0.075669,0.80715
0.25882,1,0.1983,0.10943,-0.11177,-0.13536
0.27304,1,0.18785,-0.084888,-0.11048,0.038685
0.28726,1,0.037101,0.11208,-0.13214,0.046698
0.30148,1,0.13387,-0.16589,0.39724,-0.29861
0.3157,1,-0.42984,-0.10718,0.46496,0.16995
0.32992,1,0.098601,0.18141,0.0029272,-0.19797
1.8372,1,0.04037,0.067322,0.2538,-0.26949
1.9082,1,0.34629,-0.061783,0.052402,-0.29185
1.9509,1,-0.022829,0.17021,-0.27024,0.18464
-1.5293,1,-0.073584,0.44059,0.039224,-0.26989
-1.515,1,0.34991,0.23425,-0.45792,-0.079052
-1.5008,1,0.097503,0.16779,-0.037097,-0.14561
-1.4297,1,0.26521,-0.099398,0.21356,-0.31973
0.091734,1,-0.10333,0.10118,0.34894,-0.23347
0.21971,1,-0.28764,0.020435,0.12221,0.23049
0.31924,1,0.26627,0.051855,-0.62277,0.31115
0.33346,1,0.16165,-0.26703,-0.50154,0.57851
1.8407,1,-0.13767,0.28185,-0.089246,0.047125
1.9118,1,0.28052,-0.060742,0.11812,-0.28147
1.926,1,0.22634,-0.074784,-0.1313,0.012801
1.9402,1,-0.04409,-0.59435,-0.3483,0.92791
-1.5257,1,0.13082,0.23565,0.30455,-0.54443
-0.26021,1,0.01912,0.2148,-0.013585,-0.1228
-0.24599,1,-0.11434,0.23751,-0.008788,-0.0091178
-0.23177,1,0.11782,0.2286,0.22991,-0.45728
-0.21755,1,0.23083,-0.089431,0.13373,-0.21691
-0.20333,1,-0.24225,-0.037089,-0.2216,0.54827
-0.18911,1,0.52663,0.26863,-0.085147,-0.62533
-0.17489,1,0.02717,0.24605,0.014074,-0.18267
-0.16067,1,-0.017131,-0.1301,-0.29996,0.46666
-0.14645,1,0.1544,-0.090473,-0.19935,0.16525
-0.13223,1,-0.1668,0.031571,-0.29327,0.47767
-0.11801,1,0.13696,0.20821,-0.17047,-0.095857
-0.10379,1,0.14437,-0.29156,0.014705,0.15126
-0.089575,1,0.13525,0.14927,0.26954,-0.44407
-0.075356,1,0.033713,0.31679,0.072172,-0.30207
-0.061137,1,-0.22749,-0.1851,-0.34252,0.76824
-0.046918,1,0.041127,0.18297,-0.23588,0.083504
-0.032699,1,-0.090422,0.25056,-0.17293,0.10439
-0.018479,1,-0.12949,-0.0029566,0.35773,-0.12306
-0.0042602,1,-0.30823,0.061448,-0.12747,0.44718
0.009959,1,-0.30779,-0.51227,-0.22493,1.0209
0.024178,1,-0.034307,0.15534,0.08477,-0.10691
0.095274,1,0.22659,-0.026205,-0.15533,-0.0034021
0.22325,1,-0.032386,0.13985,0.059322,-0.07264
0.23747,1,0.093515,0.24423,-0.09268,-0.15236
0.337,1,0.10015,0.45269,0.11656,-0.52577
1.8585,1,-0.36938,-0.11287,0.055116,0.4917
1.9153,1,0.040703,-0.24735,-0.099831,0.32455
1.9295,1,-0.15751,0.37653,-0.44705,0.31588
-1.5222,1,-0.10088,-0.38432,0.16908,0.34508
0.098814,1,0.40367,-0.31205,-0.32973,0.21824
0.24101,1,-0.19414,0.12065,0.050044,0.12176
0.25522,1,-0.11595,0.17709,0.36439,-0.2921
0.32632,1,-0.22828,0.10854,-0.095459,0.29934
0.34054,1,0.21413,0.3661,0.12357,-0.57275
-1.5186,1,-0.23662,0.17561,0.063578,0.10997
0.10235,1,-0.20187,0.071372,-0.00069556,0.22086
0.32986,1,-0.30147,-0.020279,-0.22241,0.60236
0.34408,1,-0.22604,0.014653,-0.33136,0.59421
1.8513,1,-0.03388,-0.19241,-0.036123,0.30354
1.8655,1,0.081926,-0.026731,-0.22548,0.21626
1.8797,1,0.11713,-0.075445,0.080007,-0.056316
1.9224,1,0.19368,-0.27529,0.13266,-0.013734
1.9366,1,0.217,0.29178,0.14924,-0.53278
1.9508,1,0.61751,-0.39605,-0.062424,-0.17018
-1.5151,1,-0.040987,0.011495,0.15,-0.027533
-1.4013,1,-0.44125,-0.078643,-0.422,0.98024
0.10589,1,0.16776,-0.1166,0.20281,-0.18181
1.8549,1,-0.2107,0.42552,-0.12352,0.045131
1.9259,1,0.16985,-0.096312,-0.51536,0.45149
1.9686,1,-0.090384,-0.11281,0.26626,0.022828
-1.5116,1,0.19488,0.05799,0.029763,-0.19689
-1.4973,1,-0.027167,0.24198,0.37781,-0.44051
-1.4831,1,-0.074398,-0.040503,-0.2235,0.39359
-1.4547,1,-0.14175,-0.30368,-0.50611,0.94244
-1.4262,1,-0.050508,0.38385,0.14471,-0.32477
-1.412,1,0.04745,-0.56085,0.078885,0.4339
-1.3978,1,0.5426,-0.22035,0.21201,-0.48457
0.10943,1,-0.40341,0.068675,0.41457,0.059747
1.8584,1,-0.39076,0.27402,0.18869,0.078191
1.9153,1,0.29125,0.0065967,0.30465,-0.5023
1.9295,1,0.14003,0.065331,-0.31575,0.16729
1.9721,1,0.28003,-0.066597,-0.14058,-0.024227
-1.508,1,-0.28568,-0.045225,-0.22834,0.62263
-1.4938,1,0.090952,0.427,-0.41078,0.0013439
-1.4796,1,0.21761,-0.050343,-0.039813,-0.062006
-1.4654,1,0.27119,0.065649,-0.0091962,-0.24311
-1.4511,1,-0.090748,-0.23305,-0.079624,0.44598
-1.4369,1,-0.23947,-0.26545,-0.081699,0.62826
-1.4227,1,0.23947,0.28183,0.063313,-0.45936
-1.4085,1,-0.10476,-0.043015,-0.22568,0.43227
-1.3943,1,0.26693,-0.025044,0.10923,-0.26958
-0.086095,1,0.18893,0.1468,0.13262,-0.35607
-0.071876,1,0.17905,0.19234,-0.16476,-0.11422
0.11297,1,0.23689,0.095345,0.30091,-0.51478
1.8619,1,-0.12407,-0.16527,-0.039049,0.38601
1.9188,1,-0.13751,0.001419,-0.040103,0.2597
1.933,1,-0.089165,-0.051018,0.22783,0.010883
-1.5045,1,0.26422,0.27877,0.06645,-0.48174
-0.068336,1,0.40192,0.025173,0.1637,-0.4971
-0.054117,1,-0.10571,0.11187,0.13544,-0.022675
0.11651,1,0.017257,-0.14796,0.19925,0.012777
1.8655,1,0.12597,-0.10609,-0.2252,0.25124
1.9223,1,0.15789,-0.040156,0.31504,-0.32834
1.9366,1,0.026708,0.083751,0.011045,-0.022034
-1.5009,1,0.074995,0.133,-0.16505,0.049976
-0.16433,1,0.19193,-0.061433,0.16094,-0.20196
-0.15011,1,0.17315,-0.00055701,-0.17707,0.072991
-0.13589,1,-0.081447,0.42041,0.13314,-0.30336
-0.050577,1,-0.078207,-0.043723,-0.3852,0.55719
-0.036358,1,-0.11363,0.15724,0.31557,-0.21328
0.12005,1,0.1814,-0.45258,-0.27319,0.53445
0.17693,1,-0.20231,-0.26771,0.028821,0.49819
0.19115,1,-0.30731,-0.28551,0.021817,0.62762
0.20537,1,-0.45502,-0.045153,0.018436,0.57918
0.21959,1,-0.11972,0.35944,0.17772,-0.2529
0.23381,1,0.23687,-0.15637,-0.29645,0.24782
0.24803,1,0.29449,-0.21736,0.23354,-0.24144
0.26224,1,-0.48444,0.019037,0.037004,0.53823
0.27646,1,-0.053811,0.074343,0.10242,-0.010951
0.29068,1,-0.092208,0.0030015,-0.061021,0.23745
0.3049,1,0.1725,-0.14554,0.29655,-0.23402
0.31912,1,0.028624,0.063867,-0.0034532,0.0093408
0.33334,1,-0.13681,-0.033594,-0.14867,0.39395
0.34756,1,0.065128,-0.47971,0.13843,0.30295
0.36178,1,-0.17898,-0.086056,0.0088488,0.33859
0.376,1,0.5864,0.0014057,-0.018697,-0.49764
0.39022,1,0.33827,-0.39862,0.14306,-0.050833
0.40444,1,0.42746,0.3339,-0.062178,-0.57607
0.41866,1,0.35511,0.007213,0.037444,-0.31567
0.43287,1,-0.092244,-0.041549,0.050432,0.17392
0.44709,1,-0.026881,-0.052737,-0.16833,0.31496
0.46131,1,-0.20621,-0.31728,0.17716,0.40936
1.869,1,0.21836,0.32327,0.1057,-0.50457
1.9259,1,-0.17367,-0.27975,0.42426,0.11958
1.9401,1,-0.14423,0.39413,0.52256,-0.57041
1.9828,1,-0.18055,-0.1726,-0.13388,0.54316
-0.14657,1,-0.28826,0.24423,0.65838,-0.41547
-0.13235,1,0.23827,0.2545,0.30887,-0.64812
-0.11813,1,-0.22114,-0.0046513,0.32116,0.032588
-0.10391,1,-0.59234,-0.29976,-0.23071,1.1657
-0.032818,1,-0.10038,0.18449,-0.017882,0.056385
0.12359,1,0.23586,0.22482,-0.20621,-0.15245
1.8726,1,0.021586,-0.17542,-0.21008,0.41022
1.9152,1,0.093452,0.54625,-0.20536,-0.27882
1.9294,1,-0.10894,0.25451,-0.05093,0.035953
1.9579,1,0.46951,-0.41473,0.1891,-0.21068
1.9721,1,-0.34286,0.25155,0.090401,0.15062
1.9863,1,0.054902,0.13469,0.077576,-0.14793
-1.4939,1,0.43405,-0.10152,-0.43126,0.12776
-1.309,1,0.2289,0.065931,0.005265,-0.19964
-0.10037,1,-0.17583,-0.21298,0.16253,0.3098
-0.086155,1,-0.27335,0.26881,-0.30216,0.4246
-0.071936,1,-0.0624,0.024415,-0.098063,0.22901
-0.057717,1,0.083411,-0.28631,0.13151,0.13342
-0.043498,1,-0.035033,0.55845,0.11565,-0.44536
-0.029279,1,0.14088,0.12678,0.19001,-0.3285
0.12713,1,-0.017926,-0.49826,0.22466,0.3324
1.8761,1,0.36914,0.46133,0.12629,-0.78853
1.8903,1,0.28354,0.001651,0.031247,-0.22505
1.9045,1,-0.26515,0.10921,0.10652,0.17986
1.9187,1,-0.015005,-0.046043,-0.016069,0.16539
1.9614,1,-0.020652,0.204,-0.23738,0.16067
-1.4903,1,0.05675,-0.066363,0.042788,0.058638
-1.4477,1,-0.51887,-0.19933,0.39896,0.43956
-1.3766,1,-0.024512,-0.25451,-0.23379,0.5528
-1.3623,1,-0.089335,-0.19916,0.16942,0.20622
-1.3197,1,0.11719,-0.059937,0.1844,-0.13765
-1.3055,1,-0.43285,0.016906,-0.1469,0.66411
-0.054177,1,-0.090907,0.18184,0.044219,-0.00087338
-0.039958,1,0.092463,0.32126,-0.01848,-0.25051
-0.025739,1,-0.037349,0.11659,0.047589,-0.0037929
0.13067,1,0.33615,0.021543,0.53502,-0.75045
-1.4868,1,0.049506,0.19499,-0.27347,0.13561
-1.4726,1,0.23838,-0.15906,-0.23508,0.20614
-1.4583,1,-0.0080613,0.13778,-0.28651,0.25509
-1.4441,1,0.36364,-0.16754,-0.18683,0.040619
-1.4299,1,-0.0039785,-0.53758,0.15528,0.42106
-1.4157,1,0.18113,0.076612,-0.059948,-0.093615
-1.4015,1,-0.1218,0.37004,-0.28785,0.1767
-1.3872,1,-0.14611,-0.16424,-0.31218,0.67604
-1.373,1,0.16721,0.34321,0.099666,-0.44999
-1.3588,1,-0.29804,0.087352,-0.18575,0.50447
-1.3446,1,0.25337,-0.23864,0.017741,0.028322
-1.3304,1,-0.23984,0.39855,-0.090846,0.094956
-1.3161,1,-0.18719,0.064562,0.33237,-0.061096
-1.3019,1,0.11313,-0.025236,0.18124,-0.15664
-0.036418,1,0.28586,0.060086,0.41537,-0.61928
-0.022199,1,0.19441,-0.20563,-0.086039,0.15534
0.13421,1,0.57874,0.0095316,0.049468,-0.54523
-1.4832,1,-0.031502,0.41782,0.16238,-0.36241
-0.14663,1,0.16192,0.18209,-0.15903,-0.06975
-0.13241,1,0.30147,-0.44316,0.054092,0.12227
-0.11819,1,0.27342,-0.015581,-0.15438,-0.021344
-0.10397,1,-0.13679,-0.028623,0.24235,0.051088
-0.089755,1,-0.10047,0.1108,0.10783,0.017967
-0.075536,1,-0.010316,0.40112,0.22003,-0.42245
-0.061317,1,-0.49677,0.17136,0.024352,0.45018
-0.047098,1,-0.16088,-0.11264,-0.24143,0.5866
-0.032878,1,-0.15853,-0.13556,0.13688,0.2598
-0.018659,1,0.31586,0.38168,0.30618,-0.81977
0.13775,1,0.17378,0.097194,-0.32866,0.14405
0.26572,1,0.03619,0.067612,0.17248,-0.14479
0.35104,1,-0.24836,-0.017201,-0.043816,0.41622
0.36526,1,-0.56387,-0.14339,0.23013,0.5986
2.0005,1,-0.18503,0.10105,0.26322,-0.02802
2.0147,1,0.064717,0.09053,0.036805,-0.07024
2.0289,1,-0.10205,0.51892,0.075423,-0.2964
2.0573,1,-0.1007,0.087993,0.22388,-0.067956
2.0716,1,-0.023367,-0.29125,0.15891,0.23254
-0.029339,1,0.18894,-0.14886,0.10764,-0.056416
-0.015119,1,0.40311,0.053619,0.063828,-0.40826
0.14129,1,-0.24996,-0.11803,-0.2559,0.69929
0.26926,1,0.14465,0.29376,-0.20501,-0.10138
0.28348,1,0.12551,-0.34096,-0.20342,0.45409
0.2977,1,0.027135,0.14132,0.36281,-0.36749
0.3688,1,0.1621,0.15911,-0.0066066,-0.18566
0.38302,1,0.035864,0.089213,0.11212,-0.10455
2.0324,1,0.1557,0.18302,-0.18453,-0.037629
2.0467,1,-0.17376,-0.2523,-0.14803,0.63653
2.0609,1,-0.19848,0.10591,-0.50515,0.68328
-1.4619,1,0.17224,-0.28137,0.073574,0.10722
-1.4477,1,-0.10638,-0.054848,0.033376,0.23859
-1.4335,1,-0.0743,0.068351,-0.04283,0.17056
-0.025799,1,0.20505,0.059331,0.14819,-0.28271
-0.01158,1,0.0034405,-0.23179,0.54076,-0.18568
0.14483,1,-0.19418,0.091566,-0.087861,0.31514
0.28702,1,0.15171,0.29292,0.15879,-0.4352
0.30124,1,-0.16156,0.037012,0.33818,-0.059401
0.31546,1,0.036308,-0.16043,0.088486,0.13111
0.32968,1,0.14729,-0.068923,0.23133,-0.1903
0.37234,1,0.18692,0.038859,0.28358,-0.36977
0.38656,1,0.028575,-0.20256,0.17452,0.096546
-1.4726,1,0.24099,0.17367,-0.16488,-0.12862
-1.4584,1,0.23719,0.32049,0.06667,-0.4594
-1.4442,1,-0.39131,0.31125,-0.024851,0.27803
-1.43,1,0.26586,0.019531,-0.22895,0.034486
-1.3873,1,0.17185,0.30185,-0.097274,-0.22743
-1.3731,1,-0.12092,0.059405,0.18532,0.022096
-1.3589,1,0.32918,0.3841,0.12932,-0.6648
-0.022259,1,0.01299,-0.080429,-0.02233,0.19142
-0.0080398,1,-0.24428,0.58787,0.10412,-0.22453
0.14837,1,-0.037329,0.33516,-0.11932,-0.020449
0.319,1,0.049033,0.18531,-0.019472,-0.07317
0.33322,1,-0.19618,0.25593,0.032306,0.072215
0.34744,1,0.16064,0.20032,-0.26515,0.022594
0.36166,1,-0.073393,-0.031222,-0.1816,0.38336
0.37588,1,0.2231,-0.046079,-0.014846,-0.060557
0.3901,1,-0.18949,0.23194,-0.017953,0.13131
-1.4691,1,-0.35885,0.10212,-0.16713,0.55429
-1.4264,1,0.13623,0.0516,-0.36835,0.27069
-1.4122,1,-0.20321,0.10812,0.051261,0.19066
-1.3838,1,-0.33886,0.15327,0.36364,0.0081035
-1.3695,1,-0.34742,0.010812,0.053012,0.41977
-1.3553,1,0.32551,-0.18622,0.059115,-0.11115
-0.0045,1,-0.055743,-0.24047,0.11932,0.2722
0.15191,1,-0.033827,-0.1985,0.042295,0.28413
0.37942,1,0.032169,-0.14774,0.39234,-0.14481
0.39364,1,0.53171,-0.0083399,0.41729,-0.79928
-1.4655,1,0.038511,-0.15856,0.10151,0.12544
-1.4087,1,0.28229,-0.18435,-0.10914,0.087954
-1.3518,1,0.013979,-0.15321,-0.056193,0.28946
0.15545,1,-0.33004,-0.16222,0.21872,0.40111
0.38296,1,-0.54746,0.058394,0.20393,0.45144
0.39718,1,-0.14949,0.45418,-0.1468,0.025822
-1.462,1,0.073012,0.35636,0.37453,-0.59064
-1.4051,1,0.22325,0.15679,-0.1666,-0.084513
-1.3482,1,-0.1742,-0.12964,-0.54005,0.90609
0.15899,1,-0.043642,0.039311,0.084036,0.061681
0.28696,1,0.048103,0.033971,0.062874,-0.0089326
0.30118,1,0.15423,-0.22991,-0.14299,0.29233
0.3154,1,-0.56958,-0.081241,-0.36436,1.1121
0.32962,1,0.45772,0.39809,-0.097177,-0.593
0.34384,1,0.17107,0.37394,0.37365,-0.70557
0.35806,1,-0.033393,0.072575,0.10566,0.0033327
0.3865,1,0.34645,-0.041547,0.13035,-0.31319
0.40072,1,-0.17557,0.12704,0.049321,0.15467
-1.4585,1,0.0039189,-0.4186,0.093509,0.39508
-1.4016,1,0.045687,-0.10519,-0.29054,0.43584
-1.3447,1,0.047169,-0.28995,-0.020922,0.34568
0.091434,1,0.15706,-0.027062,0.26555,-0.25018
0.16253,1,-0.2315,0.17446,0.2259,0.014936
0.2905,1,-0.08604,-0.38384,0.46348,0.12198
0.30472,1,0.020613,-0.35565,-0.17797,0.57133
0.31894,1,0.052004,0.11616,-0.08473,0.054957
0.33316,1,0.29245,0.3281,-0.39449,-0.090251
0.3616,1,-0.049769,0.0886,0.076629,0.036334
0.37582,1,0.018399,-0.12428,-0.27555,0.46644
0.39004,1,-0.10172,-0.39676,-0.19614,0.74846
0.40426,1,-0.17755,-0.041428,0.066124,0.28736
-1.4407,1,-0.30241,0.032614,-0.61706,0.97729
-1.398,1,-0.068704,-0.035039,0.064631,0.1747
-1.3554,1,0.1158,0.38262,-0.067193,-0.24878
-1.3412,1,0.040084,-0.15043,0.16425,0.069948
-0.17519,1,0.61872,0.11839,-0.36275,-0.27383
0.080755,1,0.078229,-0.18137,-0.00094005,0.20702
0.094974,1,0.17955,0.066712,0.21865,-0.30673
0.16607,1,0.008924,-0.1221,-0.33511,0.53181
0.39358,1,-0.32778,-0.20243,0.052859,0.59355
0.4078,1,0.0050448,0.026467,0.096298,0.018011
-1.4514,1,0.30536,0.064417,0.13769,-0.35728
-1.4372,1,0.10135,0.18866,0.23343,-0.3396
-1.4229,1,0.26889,0.13412,0.026107,-0.27736
-1.4087,1,0.17852,-0.062415,0.35329,-0.31538
-1.3945,1,0.41523,-0.40641,-0.16011,0.19886
-1.3803,1,0.14467,-0.056967,0.013724,0.023399
-1.3661,1,-0.18962,0.12678,0.16981,0.069862
-1.3518,1,0.24615,0.067563,-0.010304,-0.16455
-1.3376,1,0.15065,-0.052365,0.077476,-0.044584
-0.15743,1,0.009544,-0.19294,0.082876,0.21463
-0.14321,1,0.18287,-0.33817,-0.28154,0.49044
-0.12899,1,0.01017,0.083832,-0.13333,0.17619
0.070076,1,0.096013,-0.061184,0.038005,0.054947
0.084295,1,0.10356,-0.19549,0.080428,0.12232
0.16961,1,0.070382,0.095836,-0.10646,0.079681
0.41134,1,-0.12123,0.12886,-0.23915,0.3694
-1.4478,1,-0.13244,-0.32727,-0.081316,0.62691
-1.4336,1,0.14279,-0.062615,-0.24335,0.26706
-1.4052,1,0.24696,0.42532,0.020367,-0.49273
-0.12545,1,-0.34395,0.2791,0.16149,0.11058
-0.11123,1,-0.22989,0.32879,0.34991,-0.22003
-0.097014,1,-0.0075763,0.079117,-0.073661,0.14755
0.030958,1,0.18151,-0.13548,0.011261,0.057536
0.045177,1,0.087428,-0.023847,-0.081765,0.14435
0.059396,1,0.12118,0.096088,-0.098969,0.023756
0.17315,1,-0.03005,-0.34474,-0.0018749,0.46419
0.40066,1,0.044776,-0.056372,-0.31437,0.42713
0.41488,1,-0.13382,-0.43883,0.12898,0.53166
-1.4443,1,0.061858,0.24117,-0.034816,-0.092986
-0.093475,1,0.043362,-0.067428,-0.050197,0.20122
-0.079255,1,-0.061379,0.26498,-0.26881,0.22625
-0.065036,1,-0.2221,0.26736,0.29484,-0.12266
-0.050817,1,-0.46053,0.050833,0.24292,0.35304
-0.036598,1,-0.16295,0.061021,0.36848,-0.075772
-0.022379,1,-0.08951,0.56737,0.23084,-0.45481
-0.0081596,1,0.10344,0.26208,0.05267,-0.23296
0.0060595,1,0.47903,0.145,-0.024242,-0.45028
0.020279,1,0.29229,0.13605,0.21247,-0.46574
0.034498,1,-0.20158,0.27026,0.088311,0.041466
0.17669,1,0.43599,-0.11305,-0.43581,0.18641
0.41842,1,-0.058928,0.062539,0.14824,0.016094
-1.4265,1,-0.26698,0.067823,0.079321,0.29158
-1.4123,1,-0.276,-0.043826,-0.18019,0.63119
-1.3981,1,-0.082969,0.118,-0.011413,0.1423
0.18023,1,0.085338,-0.11199,-0.35762,0.47846
0.18377,1,-0.29898,-0.16019,-0.074633,0.66072
0.18731,1,0.12962,0.02121,-0.0022989,0.0039581
0.2584,1,-0.10214,-0.69282,0.13364,0.72318
0.51435,1,0.26381,0.21721,-0.41412,0.074274
-0.15041,1,0.052598,-0.18537,-0.088687,0.33988
-0.13619,1,-0.0034445,-0.16377,-0.010862,0.30852
-0.12197,1,-0.081873,0.02926,0.046085,0.17405
0.19085,1,-0.022263,0.25804,-0.24633,0.18482
0.27616,1,-0.25089,0.30841,0.21605,-0.042836
0.29038,1,-0.31927,-0.13723,-0.2299,0.80993
0.48945,1,0.11056,0.26228,-0.071011,-0.1147
0.50367,1,-0.01649,0.080236,0.43767,-0.29219
-0.14687,1,0.16436,-0.024816,0.15713,-0.13102
-0.13265,1,0.154,0.10514,0.10889,-0.18651
-0.11843,1,-0.021538,0.069667,0.059498,0.068942
0.19439,1,-0.039156,0.037046,0.27484,-0.081012
0.29392,1,-0.11193,-0.18616,0.44827,0.025164
0.30814,1,0.29553,-0.33522,0.03656,0.10637
0.32236,1,0.39646,0.05142,-0.15994,-0.14613
0.33658,1,-0.4256,0.15012,0.20067,0.28815
0.3508,1,0.21897,-0.31421,-0.34991,0.51853
0.45033,1,-0.37052,0.26862,-0.052967,0.36169
0.46455,1,0.26533,0.12616,0.21597,-0.41613
0.47877,1,0.054238,-0.36033,-0.23216,0.62
0.49299,1,-0.21931,-0.021496,-0.59492,0.94421
-0.14333,1,0.070732,-0.21821,0.11402,0.1715
0.19793,1,-0.088045,-0.24522,-0.38378,0.81004
0.34012,1,0.071759,-0.17997,0.33703,-0.064585
0.35434,1,-0.10884,0.45767,-0.050713,-0.066186
0.36856,1,-0.2314,-0.19272,0.27795,0.31171
0.38278,1,0.10467,-0.27124,-0.19154,0.45914
0.397,1,0.073245,-0.15155,-0.2524,0.44547
0.41122,1,-0.26981,-0.22418,-0.062855,0.68755
0.42544,1,-0.25234,-0.038215,0.0040283,0.45139
0.43965,1,0.018166,-0.12229,-0.07416,0.31538
0.45387,1,-0.011044,0.0839,0.31411,-0.18193
-0.13979,1,0.10034,-0.19989,0.05679,0.18088
-0.12557,1,-0.6885,0.38356,-0.052066,0.59731
-0.11135,1,0.14009,-0.0367,-0.51252,0.51922
0.20147,1,0.0050513,-0.05469,0.058192,0.15472
-0.10781,1,-0.035397,-0.59889,-0.13096,0.83217
-0.093595,1,-0.20902,-0.35885,-0.041619,0.72639
-0.079375,1,-0.35784,0.014107,-0.068038,0.58778
-0.065156,1,0.19195,0.23704,0.111,-0.32909
-0.050937,1,-0.30595,0.19617,0.21967,0.11887
0.048597,1,-0.10143,-0.3167,-0.22885,0.75019
0.20501,1,0.73065,0.38216,-0.087432,-0.82568
-0.090055,1,-0.19477,-0.22753,0.15837,0.42218
-0.075836,1,-0.10585,-0.20985,-0.64389,1.0448
-0.061616,1,-0.13574,-0.19456,0.12717,0.36191
-0.047397,1,-0.1605,0.012929,-0.22893,0.53535
-0.033178,1,0.42588,0.065751,0.086194,-0.39884
-0.018959,1,0.26334,0.1619,0.045617,-0.27617
-0.0047397,1,-0.078041,0.2913,0.16261,-0.14088
0.0094795,1,-0.11888,0.33458,-0.047965,0.05585
0.023699,1,0.43249,0.34243,0.11656,-0.66742
0.052137,1,0.2511,0.53748,-0.18896,-0.3683
0.20855,1,-0.11662,0.05891,0.19259,0.06826
-0.029638,1,0.45553,-0.12843,0.0032532,-0.18626
-0.015419,1,-0.1353,-0.21767,0.41108,0.12635
-0.0011999,1,-0.34708,-0.15211,0.24634,0.4384
0.013019,1,-0.47685,0.39022,0.046961,0.29402
0.027238,1,-0.32508,-0.19444,-0.046231,0.71747
0.041458,1,0.088295,-0.15454,-0.46237,0.63668
0.055677,1,-0.50799,0.077911,-0.0059598,0.63849
0.069896,1,-0.73135,-0.12597,-0.081944,1.1098
0.084115,1,0.26469,-0.3997,-0.1735,0.40026
0.21209,1,0.48496,-0.31604,0.23324,-0.26673
0.030778,1,-0.033423,0.40214,0.59859,-0.6701
0.044997,1,-0.28627,-0.21006,-0.066294,0.71235
0.059217,1,-0.15901,-0.2347,-0.13498,0.66472
0.073436,1,0.27686,-0.012207,0.0063435,-0.10034
0.087655,1,-0.2574,0.18261,-0.1107,0.39065
0.10187,1,0.030838,0.34146,-0.17992,0.022621
0.11609,1,-0.24556,-0.18083,-0.32334,0.87932
0.21563,1,0.047136,-0.10586,-0.099488,0.31139
0.28672,1,0.061602,-0.15075,-0.033715,0.27473
0.30094,1,-0.2235,-0.023337,-0.145,0.56126
0.062756,1,-0.46381,-0.08932,0.25761,0.50175
0.091195,1,0.34464,0.052587,0.41441,-0.59238
0.10541,1,-0.049788,0.018596,0.12193,0.10786
0.11963,1,0.030177,0.2566,-0.1969,0.1139
0.13385,1,0.06273,0.14417,-0.10405,0.091201
0.21917,1,-0.26584,-0.084699,-0.062677,0.58528
0.29026,1,-0.090733,-0.31841,0.013073,0.53415
0.30448,1,-0.40672,-0.49193,-0.25144,1.2464
0.066296,1,-0.39802,0.2596,-0.13597,0.49975
0.13739,1,0.08508,-0.011439,-0.28012,0.36326
0.22271,1,-0.49046,0.022687,0.04063,0.63488
0.2938,1,-0.31511,0.28173,0.55714,-0.23411
0.069836,1,0.22405,0.090839,-0.039802,-0.081289
0.11249,1,-0.083731,-0.60741,0.025528,0.76692
0.12671,1,0.47189,-0.023606,0.14632,-0.40847
0.14093,1,0.081917,0.18064,0.076334,-0.11664
0.22625,1,-0.44815,0.31083,0.26591,0.14609
0.29734,1,0.096917,0.076881,0.099308,-0.065124
0.31156,1,-0.01869,0.27297,-0.29469,0.24585
0.32578,1,-0.58528,-0.020815,0.012321,0.79828
0.11603,1,-0.31237,0.02754,-0.12532,0.60508
0.13025,1,0.2543,-0.06754,0.30985,-0.29275
0.14447,1,0.34505,-0.0906,0.24185,-0.30477
0.22979,1,-0.058928,0.081527,0.18996,0.012197
0.3151,1,-0.37108,-0.16284,0.68209,0.092882
0.32932,1,0.03624,0.094858,0.12688,-0.039651
0.34354,1,0.074601,0.1282,0.40155,-0.35693
0.35776,1,0.091692,-0.062919,0.070643,0.087966
0.37198,1,0.056505,0.076198,0.037206,0.036791
0.3862,1,-0.25049,-0.24617,-0.25443,0.89043
0.47151,1,0.035838,-0.25986,0.25285,0.14654
0.23333,1,-0.25695,0.21495,-0.050902,0.32516
0.34708,1,-0.031955,0.71276,-0.12162,-0.26336
0.3613,1,-0.18634,-0.067048,-0.032476,0.47447
0.37552,1,0.22819,-0.20653,0.087013,0.057587
0.38974,1,-0.27205,0.51942,0.297,-0.23317
0.40396,1,-0.11976,0.26936,-0.14714,0.22545
0.41818,1,-0.43278,0.25187,0.33701,0.12225
0.43239,1,-0.029702,0.19447,-0.070855,0.12689
0.44661,1,-0.023721,-0.18737,0.49683,-0.071941
0.46083,1,0.082575,-0.024499,0.25817,-0.10225
0.47505,1,0.094336,0.23813,0.10622,-0.19856
0.23687,1,-0.037286,0.19827,-0.018888,0.087589
0.39328,1,-0.18125,-0.10991,-0.19351,0.6552
0.4075,1,0.25432,0.020464,0.042775,-0.11787
0.42172,1,0.1786,0.026795,0.36148,-0.33498
0.43593,1,-0.083999,-0.30372,0.32591,0.24721
0.45015,1,0.0086946,-0.46667,0.081163,0.51219
0.46437,1,0.079586,-0.13505,0.052418,0.18471
0.47859,1,0.28037,-0.087067,-0.28109,0.24065
0.49281,1,-0.093966,-0.081044,0.092313,0.28125
0.50703,1,0.1004,0.29771,0.0074797,-0.16215
0.52125,1,0.17381,-0.087244,0.30966,-0.18643
0.53547,1,0.23863,0.20222,0.22031,-0.41691
0.54969,1,-0.038836,0.10166,-0.12588,0.26819
0.24041,1,-0.20185,-0.17672,0.23076,0.35073
0.48213,1,-0.36502,-0.016884,-0.13109,0.71209
0.52479,1,-0.064539,0.07921,0.097157,0.11428
0.53901,1,-0.045885,0.070797,-0.32056,0.48181
0.55323,1,0.028414,-0.16613,-0.17895,0.47725
-0.026218,1,-0.078925,-0.033266,0.032584,0.2863
-0.011999,1,-0.12997,0.14235,0.086728,0.14096
0.00222,1,0.28666,-0.59129,-0.21814,0.61044
0.016439,1,-0.46407,0.29375,-0.21901,0.63427
0.030658,1,-0.27009,-0.15108,0.2887,0.34989
0.044878,1,0.15217,0.055698,-0.042802,0.041815
0.059097,1,0.14637,0.09646,0.060188,-0.080318
0.073316,1,-0.21358,-0.18975,0.39768,0.22548
0.087535,1,-0.038673,0.17879,0.21697,-0.10215
0.10175,1,-0.018583,0.085686,-0.22866,0.36095
0.24395,1,-0.13664,0.061042,-0.23433,0.50839
0.48567,1,-0.37014,0.25684,-0.19052,0.54301
0.55677,1,-0.10655,-0.018288,0.26986,0.08642
-0.051117,1,0.12543,0.26794,-0.29454,0.12177
-0.036898,1,0.011061,0.26963,0.24224,-0.24981
-0.022678,1,-0.026791,0.11069,0.065722,0.084058
0.10529,1,0.21641,0.22009,0.11135,-0.30015
0.11951,1,-0.12437,0.30026,0.057131,0.031776
0.13373,1,-0.39933,0.06814,-0.13939,0.68964
0.24749,1,-0.14609,-0.039931,0.016023,0.37941
0.54609,1,-0.13688,0.13767,-0.047775,0.2776
0.56031,1,-0.12984,-0.052675,-0.022929,0.40887
-0.076015,1,0.38381,-0.14497,-0.18315,0.10762
-0.061796,1,0.11943,-0.2605,0.18985,0.13838
-0.047577,1,0.1738,0.44307,0.4175,-0.71993
0.15149,1,0.21714,0.58462,-0.11093,-0.40412
0.16571,1,-0.36521,0.11322,-0.087415,0.5725
0.25103,1,0.56512,0.059378,0.022539,-0.43874
0.54963,1,-0.26312,0.13391,0.13542,0.24748
0.56385,1,-0.30338,-0.053865,0.24271,0.35033
-0.086695,1,-0.061756,-0.073609,-0.002949,0.34509
0.16925,1,-0.19436,-0.032341,0.0038127,0.44041
0.18347,1,0.17418,-0.0037545,0.13303,-0.080273
0.25457,1,0.22695,0.081451,0.14907,-0.22124
0.18701,1,-0.15021,-0.095172,0.018606,0.43807
0.25811,1,0.030869,0.00027788,-0.16498,0.33786
0.26164,1,-0.25201,-0.078629,-0.068255,0.61105
0.26518,1,-0.59001,-0.37525,0.53795,0.66223
0.069656,1,-0.38313,-0.020418,0.02474,0.61881
0.083875,1,-0.050954,-0.11198,-0.099606,0.46765
0.26872,1,-0.1431,0.2151,0.29888,-0.076538
0.41092,1,-0.11536,-0.08118,-0.1861,0.58642
0.42514,1,-0.33648,-0.099745,-0.19031,0.83339
0.43935,1,0.26399,0.23674,0.2097,-0.43252
0.45357,1,0.071158,0.39605,0.13377,-0.30003
0.46779,1,-0.22716,-0.14772,0.223,0.38598
0.48201,1,-0.048744,0.25949,0.072052,-0.0050265
0.49623,1,-0.08038,0.11537,-0.05408,0.26412
0.51045,1,0.15478,-0.27972,0.27539,0.057248
0.52467,1,0.037266,0.22313,0.17765,-0.15868
-0.012119,1,0.27415,-0.17709,0.25695,-0.1323
0.0021002,1,0.088436,0.12702,-0.40044,0.3987
0.10163,1,0.25154,0.1052,-0.10977,-0.014726
0.27226,1,-0.065956,-0.50511,0.60351,0.18023
0.3718,1,0.20767,-0.17101,0.071702,0.099271
0.38602,1,0.0959,0.1277,0.26464,-0.21393
0.40024,1,-0.47356,0.42298,-0.47552,0.79447
0.41446,1,-0.2132,-0.34,0.23574,0.52613
0.42868,1,0.29594,0.26942,0.098004,-0.3882
0.51399,1,-0.34877,-0.29821,0.078753,0.77286
0.52821,1,-0.31954,0.10014,-0.25331,0.70738
0.54243,1,-0.75923,-0.12574,0.16679,0.96905
0.55665,1,-0.18895,-0.29399,0.087089,0.59733
0.57087,1,0.44188,-0.087861,0.044823,-0.18758
-0.0085792,1,-0.098852,0.0325,0.13248,0.1904
0.00564,1,-0.048266,-0.14635,-0.090821,0.49268
0.019859,1,0.026126,0.22891,-0.25617,0.24879
0.034078,1,-0.25076,0.0079356,0.033953,0.45697
0.10517,1,0.1347,0.25554,0.12983,-0.2362
0.11939,1,0.069137,-0.24604,-0.02071,0.39258
0.2758,1,0.32653,-0.062629,-0.24311,0.1747
0.36112,1,-0.088094,-0.22614,-0.041265,0.55614
0.37534,1,0.089482,0.13954,-0.41331,0.40207
0.58863,1,-0.34658,0.040466,-0.1888,0.73042
0.0091798,1,-0.26809,-0.28276,-0.31538,1.0416
0.023399,1,0.0038668,0.1329,-0.0059945,0.12895
0.037618,1,0.28206,0.032274,0.20028,-0.25947
0.051837,1,0.24201,-0.046965,0.079324,-0.041291
0.10871,1,-0.21705,0.2508,0.2083,0.061635
0.12293,1,-0.19752,-0.15997,0.014773,0.56511
0.27934,1,0.13353,-0.17367,-0.09534,0.33626
0.35044,1,-0.076844,0.2825,-0.12005,0.18898
0.60638,1,-0.069887,-0.12281,0.30812,0.1358
0.055377,1,-0.25729,0.052245,-0.26386,0.7035
0.069596,1,0.10205,-0.1418,0.16192,0.11122
0.083815,1,-0.22697,0.32202,0.0441,0.16412
0.098035,1,-0.043986,0.22376,-0.2343,0.31207
0.11225,1,0.029223,0.13723,-0.28466,0.35577
0.12647,1,0.15607,-0.32697,0.13755,0.23454
0.28288,1,0.2791,-0.14404,0.24416,-0.14372
0.33976,1,0.2321,-0.26046,0.097719,0.13623
0.11579,1,0.10767,0.4147,-0.034467,-0.1838
0.13001,1,-0.19318,0.17896,0.41698,-0.085065
0.28642,1,-0.095152,-0.12292,0.38201,0.10141
0.00558,1,-0.24801,-0.24242,0.20192,0.52677
0.019799,1,0.3337,-0.04185,0.18498,-0.22592
0.034018,1,0.22166,0.078453,-0.019946,-0.026284
0.048238,1,0.24478,0.40073,0.15219,-0.47927
0.062457,1,-0.20299,0.18864,0.031262,0.27069
0.076676,1,0.4348,-0.24573,0.11607,-0.094711
0.090895,1,-0.27081,0.11776,-0.045358,0.47007
0.11933,1,-0.18501,0.22979,0.16477,0.096045
0.13355,1,0.30804,-0.17724,-0.10067,0.17465
0.28996,1,-0.1998,0.30659,-0.13663,0.32014
0.50325,1,-0.097335,-0.42479,0.27161,0.46283
0.51747,1,0.43558,-0.1909,-0.17015,0.11817
0.0091198,1,0.17315,0.011876,0.22021,-0.13494
0.023339,1,0.11828,0.25824,0.04423,-0.1271
0.037558,1,-0.12261,-0.19847,-0.1343,0.66946
0.051777,1,-0.41199,0.52778,0.12814,0.1139
0.065997,1,0.48195,0.26302,-0.33922,-0.15676
0.094435,1,0.2565,-0.086649,-0.33412,0.36647
0.10865,1,0.46774,0.10711,0.29379,-0.5854
0.12287,1,0.20882,-0.16689,0.070666,0.11557
0.13709,1,0.18961,0.25003,0.19734,-0.33266
0.2935,1,-0.0053005,-0.18439,0.046791,0.37232
0.42148,1,-0.33407,0.36256,-0.18912,0.46191
0.52101,1,-0.16419,0.32165,0.021441,0.13046
0.53523,1,-0.25172,0.49486,0.11139,-0.0078581
0.12641,1,-0.023698,-0.021747,0.35583,-0.023912
0.14063,1,-0.25085,0.2932,0.025114,0.24367
0.29704,1,0.0078926,0.0042119,-0.11377,0.34836
0.42502,1,0.24172,0.3394,-0.1673,-0.12721
0.43923,1,0.27295,-0.19415,-0.26092,0.37735
0.45345,1,-0.032326,0.40149,0.13376,-0.17147
0.52455,1,-0.20775,0.16671,-0.19728,0.50851
0.53877,1,-0.2711,-0.059176,-0.38383,0.93439
0.12995,1,0.0035543,0.10733,0.25233,-0.063805
0.14417,1,0.35899,0.033723,0.23261,-0.34916
0.30058,1,0.26389,-0.14425,0.005006,0.10612
0.45699,1,-0.43102,-0.33629,0.053618,0.93924
0.47121,1,0.014537,-0.29024,0.39951,0.12766
0.48543,1,0.14157,0.25729,0.15713,-0.24617
0.52809,1,0.093144,0.17183,-0.31896,0.3086
0.54231,1,0.38412,-0.15476,0.30604,-0.28221
0.13349,1,0.1653,0.115,-0.22134,0.19712
0.14771,1,0.24127,0.010636,0.76436,-0.68842
0.30412,1,0.12136,-0.042494,0.15592,0.032796
0.48897,1,-0.097468,-0.11341,0.05424,0.4103
0.50319,1,-0.18372,-0.29105,-0.024167,0.72061
0.51741,1,-0.081926,0.13361,-0.39211,0.59084
0.53163,1,0.056764,0.062223,-0.18934,0.32435
0.54585,1,0.012944,0.096022,0.12673,0.053585
0.15125,1,-0.24489,-0.079681,-0.34376,0.8984
0.30766,1,-0.10896,-0.012475,0.030024,0.36202
0.53517,1,0.41701,0.35574,-0.012522,-0.45197
0.54939,1,0.16768,-0.15569,-0.042867,0.26494
0.3112,1,0.0070897,-0.028251,0.50207,-0.16961
0.55293,1,-0.12095,-0.10635,0.33889,0.17647
0.31474,1,0.026677,0.14021,-0.12369,0.23964
0.44271,1,-0.00881,0.089805,0.26345,-0.033
0.45693,1,0.464,0.014589,-0.1934,-0.040486
0.47115,1,0.21728,-0.14834,-0.00733,0.1821
0.48537,1,-0.16756,0.17975,-0.30452,0.57028
0.49959,1,-0.82382,0.11263,-0.21444,1.2202
0.51381,1,-0.064786,-0.084653,0.45911,-0.0055643
0.52803,1,0.34635,0.10652,-0.058136,-0.12021
0.54225,1,0.32252,0.27158,0.063484,-0.34593
0.55647,1,0.012937,0.24298,-0.027197,0.0791
-0.037197,1,0.14025,-0.34957,0.14269,0.29866
0.24719,1,0.2423,0.18843,0.21747,-0.32964
0.31828,1,0.12201,0.25774,-0.31381,0.21822
0.44625,1,-0.15897,-0.021642,0.12783,0.34235
0.46047,1,0.29042,-0.34111,-0.0498,0.31197
0.47469,1,-0.19866,-0.10525,0.34706,0.25473
0.48891,1,0.082809,-0.16013,-0.079888,0.39966
0.51735,1,-0.23216,-0.16985,0.28814,0.39741
0.53157,1,0.21362,0.10141,-0.083023,0.046585
0.54579,1,0.50001,-0.063802,-0.078054,-0.11266
0.56001,1,0.64967,-0.369,0.22926,-0.28752
-0.019438,1,0.067246,0.49857,-0.2769,0.040496
-0.0052192,1,0.21025,0.02197,-0.09697,0.1333
0.23651,1,0.17351,0.095334,-0.45476,0.43413
0.25073,1,-0.19862,0.22271,0.12535,0.18191
0.32182,1,0.26444,0.0051106,-0.069582,0.066949
0.54933,1,0.098078,0.0078431,0.24181,-0.047224
0.56355,1,0.10973,0.1268,0.086904,-0.019129
-0.0016794,1,0.30592,0.2706,-0.055683,-0.20971
0.01254,1,-0.31024,-0.17749,0.025335,0.72968
0.026759,1,-0.095717,0.42339,-0.18272,0.18951
0.21161,1,0.15661,-0.083413,0.29956,-0.079319
0.22583,1,-0.02963,-0.32824,0.18054,0.42761
0.24005,1,0.16833,-0.19863,0.18039,0.11444
0.32536,1,0.35542,0.033977,-0.18107,0.053594
0.56709,1,-0.36309,-0.12144,-0.06805,0.82146
0.030299,1,0.10466,0.11124,-0.35252,0.40526
0.044518,1,0.3427,0.070853,-0.019797,-0.10775
0.058737,1,0.31513,0.071932,-0.14345,0.032058
0.18671,1,-0.30172,-0.098713,0.0065965,0.6746
0.20093,1,0.18658,-0.18986,-0.52306,0.73084
0.21515,1,-0.066421,0.04681,-0.25688,0.54885
0.3289,1,0.035834,0.092448,0.20206,-0.012015
0.55641,1,0.19089,-0.5716,-0.1354,0.69723
0.57063,1,0.065535,-0.095769,0.16935,0.14648
0.062277,1,-0.22439,-0.10323,-0.32581,0.90429
0.076496,1,-0.24979,-0.26314,-0.063558,0.82746
0.090715,1,0.048335,0.52406,-0.30431,0.073303
0.10493,1,-0.042246,0.021357,-0.045028,0.35634
0.11915,1,-0.22368,0.030214,-0.1217,0.60514
0.13337,1,-0.078212,-0.042564,-0.06648,0.46694
0.14759,1,-0.13815,0.27554,-0.05259,0.24671
0.16181,1,0.088261,-0.018306,0.14377,0.084117
0.17603,1,-0.22789,-0.11231,-0.33038,0.91973
0.19025,1,-0.20377,0.18213,0.20007,0.16367
0.33244,1,-0.031965,-0.25375,0.079968,0.46504
0.57417,1,-0.066844,0.072966,0.20562,0.11019
0.33598,1,0.0068665,0.30083,-0.024407,0.05388
0.33952,1,-0.066278,0.10681,-0.17414,0.43274
0.3964,1,-0.1617,-0.29793,-0.13804,0.84067
0.68078,1,0.060519,-0.037844,0.18849,0.095232
0.34306,1,-0.1127,0.10075,0.065321,0.27135
0.41416,1,-0.23823,0.32984,-0.20737,0.45435
0.42838,1,0.034451,-0.018598,0.026331,0.25645
0.6701,1,-0.36685,-0.2797,0.15673,0.77171
0.3466,1,-0.21163,0.066411,-0.18475,0.63275
0.43192,1,-0.1419,-0.020017,-0.056254,0.51743
0.44613,1,-0.4313,0.090777,0.19999,0.48844
0.6452,1,-0.21948,-0.085338,-0.10371,0.69564
0.65942,1,-0.34203,-0.043823,-0.051114,0.73875
0.35014,1,-0.34304,-0.69133,0.16658,1.0934
0.44967,1,0.21655,0.33528,-0.17336,-0.042233
0.46389,1,-0.27654,0.5742,0.074204,0.037737
0.47811,1,-0.027194,-0.085023,-0.51432,0.87406
0.49233,1,0.091022,-0.064108,-0.20508,0.45375
0.50655,1,-0.086293,0.2626,-0.41867,0.5537
0.60609,1,0.079987,-0.058687,-0.32977,0.57382
0.6203,1,-0.25082,-0.41832,0.32657,0.62204
0.63452,1,0.083411,-0.084495,-0.32407,0.58697
0.64874,1,0.24111,0.045713,-0.088315,0.10032
0.35368,1,0.11959,-0.063659,0.30722,-0.038214
0.49587,1,-0.15373,0.02665,0.042176,0.40732
0.51009,1,-0.43664,0.35141,0.28673,0.20119
0.52431,1,0.055504,0.14482,-0.23779,0.34651
0.53853,1,0.10734,-0.14892,0.079651,0.25335
0.55275,1,-0.34426,0.10064,0.11111,0.47802
0.56697,1,-0.058579,0.15188,-0.079673,0.31418
0.58119,1,-0.11612,0.27337,-0.4252,0.58453
0.59541,1,0.3698,0.6103,-0.42859,-0.19737
0.60962,1,-0.32057,-0.15177,0.039566,0.73232
0.35722,1,0.14492,-0.092437,-0.032979,0.27258
0.36076,1,0.11578,-0.074196,0.29977,-0.011934
0.3643,1,0.078531,0.2545,-0.020974,0.042979
0.36784,1,-0.10277,-0.20032,-0.26759,0.84187
0.10121,1,-0.18812,-0.0053999,0.033643,0.49427
0.11543,1,-0.14791,0.266,0.1606,0.10782
0.12965,1,-0.25328,0.15562,0.074157,0.38819
0.14387,1,-0.040039,-0.071709,-0.19195,0.60309
0.15809,1,-0.083557,0.56623,0.10109,-0.1584
0.37138,1,-0.030652,0.088033,-0.12694,0.39915
0.090535,1,-0.33264,-0.063529,-0.28356,0.98371
0.10475,1,0.27093,-0.48059,-0.029178,0.48475
0.11897,1,-0.10118,0.086221,-0.15045,0.49793
0.13319,1,-0.020053,-0.088677,-0.24484,0.64829
0.14741,1,0.14218,-0.000026823,0.098384,0.094499
0.16163,1,0.37041,0.26425,0.21511,-0.47
0.17585,1,-0.23504,0.24692,-0.059447,0.41689
0.19007,1,0.18773,0.47683,0.061922,-0.32283
0.37492,1,0.1214,-0.18229,0.27756,0.10733
0.094075,1,0.062093,0.096919,0.29489,-0.080417
0.16517,1,0.14012,-0.23045,-0.053326,0.43286
0.17939,1,0.35617,0.098946,0.069121,-0.17944
0.19361,1,0.14442,-0.018348,-0.11885,0.30845
0.20783,1,-0.15476,0.047946,-0.56619,0.96657
0.37846,1,-0.018005,-0.24174,-0.066499,0.61702
0.097615,1,0.048287,-0.18497,0.19787,0.26389
0.21137,1,0.17313,-0.038644,0.29093,-0.072941
0.22559,1,0.37919,0.085502,-0.3014,0.14831
0.382,1,-0.22649,-0.047752,-0.012325,0.62138
0.11537,1,-0.23808,0.4808,-0.11278,0.28054
0.22913,1,-0.17441,0.22575,-0.077278,0.39867
0.38554,1,0.36196,0.15801,0.30111,-0.43953
0.11891,1,-0.10772,-0.23335,-0.30578,0.92966
0.13313,1,-0.0505,0.056553,0.30562,0.069826
0.14735,1,-0.027512,0.40479,0.07382,-0.037931
0.23267,1,0.28424,-0.20162,-0.31813,0.51087
0.38908,1,-0.11029,-0.075944,-0.26918,0.76581
0.10823,1,0.25685,0.48612,-0.56222,0.18209
0.12245,1,-0.066561,-0.017889,-0.036721,0.46379
0.13667,1,-0.027513,0.2189,0.38033,-0.15578
0.15089,1,0.14143,-0.35471,0.27,0.25623
0.16511,1,0.22712,-0.33686,0.069589,0.3351
0.17933,1,0.26999,-0.038799,-0.077328,0.17223
0.22199,1,-0.44828,0.08239,0.35087,0.41931
0.39262,1,-0.022345,-0.090769,-0.45594,0.86095
0.11177,1,-0.15428,-0.047718,0.028842,0.52302
0.15443,1,-0.1852,0.31417,0.35728,-0.049949
0.16865,1,0.026794,0.098682,0.26669,-0.0032805
0.18287,1,-0.043409,-0.13587,-0.13069,0.62858
0.19709,1,0.03675,0.039113,0.072193,0.21365
0.21131,1,-0.18025,-0.18517,0.19745,0.51285
0.22553,1,-0.17513,0.11798,0.016893,0.41507
0.23975,1,0.35128,-0.38436,0.29878,0.042672
0.25397,1,-0.032236,-0.034064,-0.19268,0.58724
0.31084,1,-0.11747,-0.095742,0.12082,0.44223
0.39616,1,-0.018078,-0.078275,0.16932,0.28114
0.11531,1,0.20502,-0.1532,0.18483,0.10434
0.21485,1,-0.012684,0.16588,0.076148,0.15694
0.22907,1,0.19545,-0.1274,0.33888,-0.04766
0.24329,1,0.28327,0.2552,-0.13237,-0.033577
0.25751,1,-0.11601,-0.27423,0.021802,0.68511
0.27172,1,0.001675,0.16252,0.53748,-0.27421
0.28594,1,0.29334,0.11508,-0.65896,0.5532
0.30016,1,-0.12735,0.18736,-0.035697,0.35833
0.31438,1,-0.011187,-0.0627,0.27011,0.17262
0.3997,1,-0.31274,-0.010097,0.50888,0.22128
0.14729,1,0.3033,-0.15124,-0.43405,0.56733
0.16151,1,0.063938,-0.23569,-0.078699,0.56208
0.26105,1,0.15765,0.1591,0.26168,-0.17778
0.27526,1,0.015956,-0.030082,-0.001786,0.36751
0.28948,1,0.20701,-0.15964,0.28397,0.020986
0.3037,1,0.36596,0.42809,-0.016288,-0.36711
0.31792,1,-0.23536,0.065568,-0.11953,0.65203
0.40324,1,-0.24982,-0.17596,-0.035329,0.79482
0.32146,1,0.072026,0.089387,0.096803,0.12247
0.40678,1,0.12878,0.051969,-0.1527,0.32248
0.21125,1,-0.17999,-0.26426,0.038412,0.73741
0.22547,1,-0.30828,0.26985,-0.10922,0.55144
0.41032,1,-0.24155,0.38141,-0.15424,0.42929
0.22901,1,0.11783,-0.046917,0.16149,0.13862
0.24323,1,-0.073638,0.40648,-0.096355,0.1861
0.41386,1,0.12942,-0.014477,-0.10581,0.34215
0.13301,1,-0.41497,0.19276,-0.025322,0.65686
0.14723,1,0.31396,-0.31307,-0.29806,0.58311
0.16145,1,0.45898,0.47544,0.20478,-0.6904
0.24677,1,0.059904,-0.42369,-0.1346,0.78952
0.26099,1,-0.083248,-0.15648,-0.34767,0.9042
0.4174,1,0.15136,0.41462,0.51546,-0.60484
0.13655,1,-0.093358,-0.043721,-0.0030795,0.50936
0.15077,1,-0.23633,-0.0074058,0.04294,0.58386
0.16499,1,-0.37813,-0.33413,-0.39076,1.4004
0.17921,1,0.22263,0.25056,-0.080557,0.0056659
0.19343,1,0.000097943,-0.035853,0.17733,0.24263
0.25031,1,-0.14534,0.25943,0.08882,0.22272
0.26453,1,-0.2563,0.28452,0.22467,0.19216
0.42094,1,0.19074,0.11308,-0.22936,0.29006
0.18275,1,-0.26372,-0.2633,0.12066,0.76134
0.19697,1,-0.0016615,-0.018626,-0.20281,0.57864
0.21119,1,0.088639,0.1562,0.027457,0.12854
0.22541,1,-0.15839,0.037619,-0.18771,0.67852
0.25385,1,0.092829,0.25512,0.22945,-0.14306
0.26807,1,-0.074632,0.18598,0.10072,0.20469
0.42448,1,0.37947,-0.012743,0.11022,-0.10281
0.22895,1,0.43168,0.22128,0.2356,-0.46519
0.24317,1,-0.17923,-0.11288,0.011971,0.64922
0.25739,1,0.057976,-0.13242,-0.082075,0.50724
0.27161,1,0.0163,-0.090233,-0.097265,0.52821
0.42802,1,-0.093429,-0.001721,0.28637,0.21753
0.26093,1,-0.36401,0.033714,-0.34872,1.0463
0.27514,1,-0.13762,-0.17106,0.36954,0.33408
0.43156,1,0.0013532,-0.13712,-0.10455,0.59322
0.15071,1,0.33086,0.20288,-0.10172,-0.032709
0.16493,1,-0.13402,-0.12488,0.14341,0.50011
0.17915,1,-0.35454,0.056826,-0.61584,1.2631
0.19337,1,-0.069372,0.25519,-0.37283,0.58105
0.20759,1,0.13007,-0.096455,-0.10285,0.42821
0.22181,1,0.058379,0.14247,-0.22748,0.41297
0.23603,1,0.050343,0.69499,-0.27588,-0.0024464
0.25025,1,0.26994,0.023929,0.0038878,0.085454
0.26447,1,0.10125,-0.12459,-0.18259,0.55413
0.27868,1,0.34681,0.37051,-0.17584,-0.12364
0.4351,1,-0.13461,0.40806,0.014899,0.16641
0.15425,1,0.11842,0.09907,-0.065615,0.2442
0.16847,1,0.031548,0.1162,-0.07026,0.32328
0.18269,1,-0.29097,0.032024,0.13606,0.53875
0.26801,1,-0.28555,-0.04433,-0.28955,0.98458
0.28222,1,-0.40211,-0.25482,0.00182,1.0179
0.43864,1,0.01413,-0.33872,0.035479,0.63015
0.27155,1,0.041264,0.24693,-0.032996,0.1721
0.28576,1,0.37446,0.19294,-0.2114,0.037206
0.44218,1,-0.32531,0.027719,0.20931,0.51449
0.27508,1,-0.042263,0.0801,-0.22782,0.5796
0.2893,1,0.37353,0.00056327,0.10362,-0.081932
0.44571,1,-0.21167,0.18015,-0.62254,1.0279
0.29284,1,-0.030797,0.093503,0.081827,0.27842
0.44925,1,0.064238,-0.024021,0.098396,0.26509
0.45279,1,-0.14627,0.061168,0.060607,0.44718
0.45633,1,0.17572,0.37016,-0.025409,-0.064037
-2.2599,1,0.083461,-0.091882,-0.30725,-0.18745
-2.2458,1,-0.36396,-0.15541,-0.062836,0.11771
-2.2308,1,-0.010959,-0.32997,0.64392,-0.72568
-2.215,1,-0.19515,0.36068,-0.4734,-0.090636
-2.1988,1,0.032057,-0.21182,-0.57661,0.26933
-2.1822,1,-0.41179,0.2732,0.088847,-0.27372
-2.1652,1,-0.093521,-0.039378,0.49587,-0.69037
-2.1479,1,-0.075563,-0.49618,0.13956,0.017902
-2.1304,1,0.16297,-0.12293,0.083385,-0.47575
-2.1126,1,0.25946,-0.045946,0.068017,-0.6094
-2.0946,1,0.19467,-0.32831,-0.30926,0.056093
-2.0763,1,-0.30049,-0.063556,-0.47068,0.50518
-2.0579,1,-0.40472,-0.13498,-0.29117,0.52709
-2.0393,1,-0.14724,0.095246,0.029008,-0.20602
-2.0205,1,0.017093,0.088391,0.34857,-0.64192
-2.0016,1,-0.13644,0.15391,0.26107,-0.44209
-1.9825,1,-0.26577,0.033937,0.19536,-0.12982
-1.9633,1,-0.08584,-0.023699,0.37451,-0.41078
-1.944,1,0.023175,-0.44377,-0.0095396,0.1999
-1.9245,1,0.040213,-0.085935,-0.022027,-0.09078
-1.9049,1,0.025286,-0.028881,-0.08321,-0.049631
-1.8852,1,0.11782,0.26509,0.38808,-0.8033
-1.8653,1,-0.087766,0.15664,-0.029134,-0.10222
-1.8454,1,-0.053319,0.089686,0.22399,-0.29219
-1.8254,1,0.086331,-0.35185,-0.1334,0.28157
-1.8052,1,0.0013096,0.0090439,0.15538,-0.17988
-1.785,1,-0.023643,-0.061792,0.079542,-0.0062463
-1.7647,1,-0.2688,0.1389,0.041599,0.1297
-1.7442,1,0.17061,0.099894,0.33376,-0.53547
-1.7237,1,-0.2528,-0.0499,0.011994,0.33856
-1.7031,1,-0.065609,0.083145,-0.22514,0.26833
-1.6824,1,-0.35249,-0.16509,-0.11284,0.69097
-1.6617,1,-0.13604,0.020353,0.23189,0.017694
-1.6409,1,-0.079889,0.34244,0.074324,-0.14984
-1.6199,1,0.15698,-0.062862,-0.0041386,0.04061
-1.5989,1,-0.22832,-0.12281,0.032678,0.47399
-1.5779,1,0.087105,0.051187,0.1864,-0.11754
-1.5568,1,0.085788,0.10195,-0.15634,0.17224
-1.5356,1,-0.11776,-0.030615,0.097435,0.2832
-1.5143,1,-0.15444,0.4183,0.30294,-0.22572
-1.4929,1,0.22882,-0.36555,-0.089101,0.41993
-1.4715,1,0.39271,0.10549,-0.13752,-0.083157
-1.4501,1,0.23123,0.087723,0.27618,-0.25772
-1.4286,1,-0.12268,0.14844,-0.72704,0.98687
-1.407,1,0.30967,-0.22316,0.15946,0.071479
-1.3853,1,-0.040374,-0.19347,0.14554,0.43946
-1.3636,1,0.29949,0.14117,-0.27504,0.20933
-1.3418,1,-0.0041126,-0.1172,0.32285,0.21748
-1.32,1,-0.037446,0.19724,-0.061102,0.35512
-1.2981,1,-0.18136,-0.050173,-0.15853,0.82173
1.6387,1,0.38945,-0.017549,-0.092163,-0.77157
1.6606,1,0.12915,-0.16147,-0.24105,-0.22608
1.6824,1,-0.14093,0.48519,-0.38283,-0.34622
1.7041,1,0.074075,0.073918,0.47638,-0.97951
1.7259,1,-0.296,0.096783,-0.24906,0.061479
1.7475,1,-0.30953,0.10403,-0.047084,-0.093857
1.7691,1,0.18049,-0.28915,-0.076088,-0.21835
1.7906,1,-0.043763,-0.26541,-0.066231,0.0035583
1.8121,1,-0.09295,-0.13676,-0.000096971,-0.094592
1.8335,1,0.035505,-0.060681,-0.052761,-0.22306
1.8548,1,-0.099576,0.28385,-0.030873,-0.3755
1.8761,1,-0.041271,-0.062104,-0.18301,0.015667
1.8973,1,-0.12924,-0.0065324,-0.032328,-0.05782
1.9184,1,0.21731,-0.0024868,0.1048,-0.52237
1.9395,1,0.21475,-0.093885,-0.19401,-0.15097
1.9605,1,-0.17441,-0.24469,0.1029,0.12694
1.9814,1,-0.2472,-0.040338,0.26821,-0.10166
2.0022,1,-0.24262,0.10845,0.21294,-0.16241
2.023,1,0.26405,-0.080339,-0.3818,0.036283
2.0437,1,0.064517,-0.20272,0.54267,-0.47549
2.0643,1,-0.2924,0.66148,-0.078487,-0.25598
2.0848,1,-0.20223,-0.20399,-0.31903,0.62177
2.1052,1,0.0054231,-0.064545,-0.29833,0.29062
2.1255,1,-0.18898,0.37531,0.073574,-0.20052
2.1458,1,0.088918,0.023745,-0.10726,-0.005356
2.1659,1,-0.035936,-0.11099,-0.33461,0.4627
2.1859,1,0.076001,0.53475,-0.11062,-0.38364
2.2059,1,-0.23848,-0.3182,-0.061517,0.63596
2.2257,1,-0.46664,-0.20975,0.04981,0.69638
2.2454,1,0.338,0.40423,0.17995,-0.75058
2.265,1,0.24542,0.15227,0.20319,-0.44474
2.2845,1,0.28261,0.0095488,0.19825,-0.33931
2.3038,1,-0.018624,-0.10142,0.10049,0.17153
2.3231,1,0.22531,0.0026525,0.24221,-0.27811
2.3421,1,0.05028,0.12967,0.17715,-0.12849
2.3611,1,-0.18673,-0.23001,-0.096395,0.68617
2.3798,1,0.094654,-0.29173,-0.10069,0.4706
2.3984,1,0.22615,-0.12463,0.2383,-0.096584
2.4169,1,-0.4505,0.34809,-0.38448,0.78258
2.4351,1,-0.25371,-0.085807,0.052996,0.56708
2.4531,1,0.062835,0.15604,-0.38838,0.4549
2.4709,1,-0.21988,-0.033678,-0.24294,0.79088
2.4885,1,0.024061,0.075399,0.033285,0.21321
2.5058,1,0.066902,0.26608,0.0037821,0.050865
2.5227,1,0.20505,0.0421,-0.32105,0.40956
2.5394,1,-0.000011009,-0.065028,-0.10026,0.52619
2.5556,1,0.3974,0.080758,0.09528,-0.16836
2.5713,1,0.40706,0.2251,0.044172,-0.23922
2.5863,1,0.21998,-0.12691,-0.41975,0.68694
2.6004,1,-0.030215,-0.024256,-0.040013,0.5256
-2.2716,1,0.22442,-0.076083,0.04242,-0.67458
-2.2235,1,-0.064268,0.11816,0.012919,-0.51526
-2.1668,1,0.13253,-0.0050164,0.15804,-0.74529
-2.1063,1,0.0056793,0.20338,0.30745,-0.92698
-2.0432,1,0.19014,0.089586,-0.41235,-0.36628
-1.978,1,0.26913,-0.24895,0.20482,-0.72182
-1.9112,1,-0.18616,-0.22158,-0.025078,-0.067796
-1.843,1,0.037987,-0.14219,0.037436,-0.42235
-1.7735,1,-0.31061,0.17389,0.22516,-0.50192
-1.703,1,0.3146,0.042821,-0.31813,-0.54034
-1.6314,1,0.076428,-0.222,-0.23083,-0.15055
-1.559,1,0.15486,-0.10546,-0.30988,-0.25803
-1.4857,1,0.18539,-0.23044,-0.069508,-0.40207
-1.4117,1,0.021122,-0.16837,-0.24141,-0.12944
-1.337,1,0.080377,-0.14632,-0.25461,-0.19706
-1.2616,1,-0.58597,0.21557,-0.0041199,-0.045633
-1.1855,1,-0.064673,0.16628,-0.15343,-0.40441
-1.1089,1,-0.045902,-0.0023722,-0.58146,0.108
-1.0317,1,-0.053957,0.088773,0.19798,-0.66916
-0.95395,1,0.076555,-0.17058,0.32289,-0.69739
-0.8757,1,-0.037371,-0.22455,0.055769,-0.29179
-0.79696,1,-0.074724,0.30047,-0.072575,-0.58113
-0.71776,1,0.1991,0.42188,-0.31981,-0.74086
-0.6381,1,0.18362,-0.01478,0.070198,-0.70975
-0.55801,1,-0.022537,-0.15926,-0.1477,-0.17742
-0.4775,1,0.40272,0.13066,0.25844,-1.2293
-0.39659,1,0.29453,-0.11035,0.19886,-0.85986
-0.3153,1,0.34009,0.22115,-0.27399,-0.75761
-0.23362,1,-0.13247,0.085046,0.18887,-0.57697
-0.15158,1,-0.39521,0.33872,0.17358,-0.50756
-0.069191,1,0.13133,-0.40633,-0.2746,-0.011226
0.013545,1,0.05634,-0.28385,-0.0063156,-0.28156
0.096614,1,-0.013216,-0.16665,-0.074379,-0.24737
0.18001,1,0.072758,0.20218,-0.26112,-0.47828
0.26372,1,-0.17708,-0.11126,0.20519,-0.37977
0.34773,1,0.0056442,0.036333,-0.2889,-0.24364
0.43205,1,-0.21247,-0.20725,0.45084,-0.48535
0.51666,1,-0.30627,-0.014171,0.33335,-0.44552
0.60155,1,-0.2745,-0.3167,0.09479,-0.005348
0.68673,1,-0.20244,0.013493,-0.134,-0.15104
0.77217,1,-0.055912,0.11329,0.41131,-0.88177
0.85788,1,0.12356,0.18415,-0.017317,-0.73683
0.94386,1,0.28104,0.063299,0.14863,-0.94731
1.0301,1,0.30092,-0.20596,-0.079075,-0.53293
1.1166,1,0.083793,0.0033821,-0.1937,-0.38264
1.2033,1,0.19722,-0.14664,0.014839,-0.56183
1.2903,1,-0.33308,0.24185,-0.24931,-0.10517
1.3775,1,0.33417,-0.09008,0.010575,-0.74668
1.4649,1,-0.18062,-0.084241,0.11714,-0.31899
1.5526,1,-0.039915,-0.12129,-0.29955,-0.053685
-1.212,1,-0.055042,0.051639,-0.15514,0.60255
-1.1244,1,0.19961,-0.19525,0.14436,0.27743
-1.0369,1,0.51544,-0.046298,-0.077075,0.02774
-0.94972,1,-0.2242,0.61924,0.12405,0.042403
-0.86276,1,0.026386,0.077983,-0.16697,0.50725
-0.77603,1,-0.067822,-0.13306,-0.039786,0.6672
-0.68955,1,0.70493,0.057574,0.35215,-0.64514
-0.60332,1,0.16978,0.39307,0.024579,-0.080996
-0.51735,1,0.27637,-0.19603,-0.088714,0.41095
-0.43163,1,0.028478,-0.21473,-0.0009678,0.602
-0.34619,1,-0.18567,-0.20944,-0.074597,0.88469
-0.26101,1,0.18758,-0.43286,0.27692,0.37046
-0.17612,1,-0.09735,-0.3417,-0.29915,1.1099
-0.09151,1,0.22369,0.11863,-0.69527,0.74998
-0.0071939,1,-0.43509,0.12655,-0.17866,0.95141
0.076823,1,-0.061272,-0.10656,0.3487,0.285
0.16053,1,-0.19831,-0.18543,0.68563,0.18653
0.24392,1,0.43343,0.0017751,-0.2884,0.26344
0.32699,1,-0.15394,0.19228,0.094944,0.35797
0.40973,1,0.086461,0.285,0.13397,-0.0032356
0.49212,1,0.064823,-0.037939,-0.18744,0.58443
0.57416,1,0.050456,0.039547,0.025018,0.34056
0.65584,1,0.079887,-0.49256,0.10452,0.68842
0.73713,1,0.07168,0.49702,-0.13391,0.075936
0.81804,1,0.058186,0.076213,-0.022936,0.34515
0.89855,1,0.22369,-0.024292,-0.073052,0.30553
0.97864,1,0.13613,0.25049,0.43761,-0.30104
1.0583,1,-0.41195,-0.10213,0.26016,0.7224
1.1375,1,-0.031671,0.59797,0.27375,-0.27366
1.2162,1,-0.17219,-0.017784,-0.14941,0.77659
1.2945,1,-0.041274,0.26304,0.098167,0.17926
1.3722,1,-0.20146,0.2091,0.093642,0.39379
1.4494,1,-0.14608,-0.1003,0.20794,0.49484
1.5261,1,0.31314,-0.000681,-0.022259,0.14739
1.6021,1,-0.21748,-0.0058186,-0.091561,0.76048
1.6775,1,0.4716,0.065798,-0.020703,-0.073278
1.7522,1,0.11049,0.19645,-0.32588,0.46487
1.8263,1,0.029892,0.080083,-0.37142,0.68766
1.8995,1,-0.55396,-0.25044,-0.0046033,1.2346
1.972,1,-0.63254,-0.34027,-0.12817,1.5037
2.0435,1,0.15966,0.10356,-0.3803,0.54237
2.114,1,0.31662,0.26812,0.1359,-0.22744
2.1835,1,-0.23762,0.32165,0.012383,0.40956
2.2517,1,0.12388,0.067911,0.28,0.0093204
2.3185,1,0.27733,0.3705,0.028818,-0.17637
2.3837,1,-0.0015703,-0.19423,-0.23424,0.82754
2.4468,1,0.40094,-0.17024,-0.018441,0.19713
2.5074,1,0.35703,0.10138,0.23348,-0.21654
2.5641,1,-0.26588,0.2802,0.20216,0.30126
2.6121,1,-0.036334,0.20641,0.38072,-0.034651
